energy_kwh,production_units,compressed_air_m3,water_liters,temperature_c,efficiency_score,hour,day_of_week,is_night_shift,is_operational,energy_per_unit,air_per_unit,is_anomaly,zone_encoded
3890.28,22,1832.44,519.72,130.6,1.0,0,0,0,1,176.8309090909091,83.29272727272728,0,5
2216.99,21,1086.15,0.0,28.0,1.0,0,0,0,1,105.57095238095238,51.721428571428575,0,2
1335.63,29,1115.04,0.0,21.6,1.0,0,0,0,1,46.05620689655173,38.44965517241379,0,0
2410.87,29,0.0,630.83,264.4,1.0,0,0,0,1,83.13344827586207,0.0,0,3
1459.39,26,0.0,0.0,23.5,1.0,0,0,0,1,56.13038461538462,0.0,0,1
719.96,20,0.0,0.0,27.5,1.0,0,0,0,1,35.998000000000005,0.0,0,4
2507.43,21,840.48,585.84,72.7,1.0,1,0,0,1,119.40142857142857,40.02285714285714,0,5
2333.29,22,1609.2,0.0,24.8,1.0,1,0,0,1,106.05863636363637,73.14545454545454,0,2
1682.82,28,1318.3,0.0,23.4,1.0,1,0,0,1,60.10071428571428,47.082142857142856,0,0
2840.9,22,0.0,703.4,273.1,1.0,1,0,0,1,129.13181818181818,0.0,0,3
711.67,19,0.0,0.0,23.5,1.0,1,0,0,1,37.456315789473685,0.0,0,1
846.73,28,0.0,0.0,21.4,1.0,1,0,0,1,30.240357142857142,0.0,0,4
2889.88,29,1032.06,564.72,74.0,1.0,2,0,0,1,99.65103448275862,35.58827586206896,0,5
1621.63,17,1927.62,0.0,26.5,1.0,2,0,0,1,95.39,113.38941176470587,0,2
1659.96,27,1559.52,0.0,18.4,1.0,2,0,0,1,61.480000000000004,57.76,0,0
2701.47,17,0.0,328.22,286.9,1.0,2,0,0,1,158.91,0.0,0,3
790.21,18,0.0,0.0,25.6,1.0,2,0,0,1,43.900555555555556,0.0,0,1
750.41,22,0.0,0.0,26.9,1.0,2,0,0,1,34.109545454545454,0.0,0,4
3244.07,18,1004.98,662.49,161.7,1.0,3,0,0,1,180.22611111111112,55.83222222222222,0,5
2256.81,17,1955.12,0.0,24.3,1.0,3,0,0,1,132.7535294117647,115.0070588235294,0,2
1736.61,19,1994.26,0.0,21.5,1.0,3,0,0,1,91.40052631578946,104.96105263157895,0,0
2680.27,18,0.0,396.94,256.6,1.0,3,0,0,1,148.9038888888889,0.0,0,3
1472.57,17,0.0,0.0,21.8,1.0,3,0,0,1,86.62176470588236,0.0,0,1
571.86,23,0.0,0.0,21.3,1.0,3,0,0,1,24.863478260869567,0.0,0,4
3765.47,27,1838.78,206.23,163.4,1.0,4,0,0,1,139.46185185185183,68.10296296296296,0,5
2353.09,21,1665.91,0.0,22.0,1.0,4,0,0,1,112.05190476190477,79.32904761904763,0,2
967.77,17,1606.01,0.0,26.4,1.0,4,0,0,1,56.92764705882353,94.47117647058823,0,0
2243.82,27,0.0,271.67,226.9,1.0,4,0,0,1,83.10444444444445,0.0,0,3
1366.18,23,0.0,0.0,19.5,1.0,4,0,0,1,59.39913043478261,0.0,0,1
984.0,23,0.0,0.0,23.7,1.0,4,0,0,1,42.78260869565217,0.0,0,4
3970.78,29,1803.16,487.84,143.1,1.0,5,0,0,1,136.92344827586209,62.17793103448276,0,5
1807.71,16,591.55,0.0,22.2,1.0,5,0,0,1,112.981875,36.971875,0,2
1212.5,18,780.95,0.0,20.1,1.0,5,0,0,1,67.36111111111111,43.38611111111111,0,0
1760.25,25,0.0,319.94,231.1,1.0,5,0,0,1,70.41,0.0,0,3
1282.96,20,0.0,0.0,25.2,1.0,5,0,0,1,64.148,0.0,0,1
890.95,18,0.0,0.0,25.4,1.0,5,0,0,1,49.49722222222223,0.0,0,4
2653.66,27,1989.71,608.73,89.0,1.0,6,0,0,1,98.2837037037037,73.69296296296297,0,5
2133.58,20,1082.81,0.0,22.8,1.0,6,0,0,1,106.679,54.140499999999996,0,2
1022.08,22,735.4,0.0,20.2,1.0,6,0,0,1,46.45818181818182,33.42727272727273,0,0
2517.83,28,0.0,237.6,175.7,1.0,6,0,0,1,89.9225,0.0,0,3
1450.5,21,0.0,0.0,26.5,1.0,6,0,0,1,69.07142857142857,0.0,0,1
798.61,15,0.0,0.0,24.8,1.0,6,0,0,1,53.24066666666667,0.0,0,4
2939.63,16,1048.44,202.97,97.5,1.0,7,0,0,1,183.726875,65.5275,0,5
1248.24,16,556.76,0.0,20.1,1.0,7,0,0,1,78.015,34.7975,0,2
1329.07,21,688.29,0.0,21.2,1.0,7,0,0,1,63.289047619047615,32.77571428571429,0,0
1590.94,29,0.0,325.48,299.2,1.0,7,0,0,1,54.86,0.0,0,3
1287.28,17,0.0,0.0,26.5,1.0,7,0,0,1,75.72235294117647,0.0,0,1
678.54,29,0.0,0.0,24.1,1.0,7,0,0,1,23.397931034482756,0.0,0,4
2183.51,17,1746.06,713.03,123.8,1.0,8,0,0,1,128.44176470588238,102.70941176470588,0,5
2307.33,20,1125.1,0.0,18.6,1.0,8,0,0,1,115.3665,56.254999999999995,0,2
1043.74,18,1429.64,0.0,26.3,1.0,8,0,0,1,57.98555555555556,79.42444444444445,0,0
2958.99,22,0.0,709.25,189.2,1.0,8,0,0,1,134.49954545454545,0.0,0,3
916.34,17,0.0,0.0,25.8,1.0,8,0,0,1,53.902352941176474,0.0,0,1
615.28,16,0.0,0.0,20.1,1.0,8,0,0,1,38.455,0.0,0,4
3049.04,23,1500.58,593.46,62.2,1.0,9,0,0,1,132.56695652173912,65.24260869565217,0,5
1586.67,24,1737.25,0.0,27.1,1.0,9,0,0,1,66.11125,72.38541666666667,0,2
1126.56,20,1215.85,0.0,27.7,1.0,9,0,0,1,56.327999999999996,60.7925,0,0
1997.72,15,0.0,661.49,200.0,1.0,9,0,0,1,133.18133333333333,0.0,0,3
897.52,23,0.0,0.0,25.9,1.0,9,0,0,1,39.022608695652174,0.0,0,1
705.96,16,0.0,0.0,21.1,1.0,9,0,0,1,44.1225,0.0,0,4
3439.88,26,1212.14,304.88,65.6,1.0,10,0,0,1,132.30307692307693,46.620769230769234,0,5
1707.44,19,1963.72,0.0,23.8,1.0,10,0,0,1,89.86526315789474,103.35368421052631,0,2
1676.9,25,786.59,0.0,22.1,1.0,10,0,0,1,67.07600000000001,31.4636,0,0
2981.81,25,0.0,479.41,161.6,1.0,10,0,0,1,119.2724,0.0,0,3
1147.35,22,0.0,0.0,18.6,1.0,10,0,0,1,52.152272727272724,0.0,0,1
647.59,17,0.0,0.0,25.9,1.0,10,0,0,1,38.093529411764706,0.0,0,4
3663.23,16,1015.16,638.63,76.2,1.0,11,0,0,1,228.951875,63.4475,0,5
1162.14,26,617.05,0.0,27.7,1.0,11,0,0,1,44.697692307692314,23.732692307692307,0,2
973.21,18,1935.36,0.0,20.9,1.0,11,0,0,1,54.06722222222223,107.52,0,0
2250.42,28,0.0,300.88,260.2,1.0,11,0,0,1,80.37214285714286,0.0,0,3
1037.48,17,0.0,0.0,27.2,1.0,11,0,0,1,61.02823529411765,0.0,0,1
695.87,27,0.0,0.0,20.5,1.0,11,0,0,1,25.772962962962964,0.0,0,4
3280.74,27,783.98,349.46,153.7,1.0,12,0,0,1,121.50888888888888,29.036296296296296,0,5
1383.63,23,535.23,0.0,25.3,1.0,12,0,0,1,60.157826086956526,23.270869565217392,0,2
907.2,17,737.48,0.0,27.1,1.0,12,0,0,1,53.36470588235294,43.38117647058824,0,0
2152.9,26,0.0,459.62,242.6,1.0,12,0,0,1,82.80384615384615,0.0,0,3
837.09,24,0.0,0.0,18.3,1.0,12,0,0,1,34.878750000000004,0.0,0,1
926.74,19,0.0,0.0,18.2,1.0,12,0,0,1,48.77578947368421,0.0,0,4
2268.59,19,935.43,507.87,94.8,1.0,13,0,0,1,119.39947368421053,49.23315789473684,0,5
2289.06,17,1860.62,0.0,21.5,1.0,13,0,0,1,134.65058823529412,109.44823529411764,0,2
893.14,25,918.83,0.0,24.0,1.0,13,0,0,1,35.7256,36.7532,0,0
2149.84,21,0.0,412.17,261.7,1.0,13,0,0,1,102.37333333333333,0.0,0,3
1304.54,29,0.0,0.0,27.7,1.0,13,0,0,1,44.98413793103448,0.0,0,1
934.66,20,0.0,0.0,23.8,1.0,13,0,0,1,46.733,0.0,0,4
2236.29,25,506.58,683.8,80.8,1.0,14,0,0,1,89.4516,20.263199999999998,0,5
1404.04,16,1388.92,0.0,21.3,1.0,14,0,0,1,87.7525,86.8075,0,2
1769.27,17,900.15,0.0,20.9,1.0,14,0,0,1,104.07470588235294,52.949999999999996,0,0
2978.83,20,0.0,695.84,249.3,1.0,14,0,0,1,148.9415,0.0,0,3
1181.9,20,0.0,0.0,22.7,1.0,14,0,0,1,59.095000000000006,0.0,0,1
874.9,15,0.0,0.0,23.5,1.0,14,0,0,1,58.32666666666667,0.0,0,4
2186.14,28,1113.78,774.24,148.6,1.0,15,0,0,1,78.07642857142856,39.777857142857144,0,5
1595.16,29,1669.63,0.0,25.3,1.0,15,0,0,1,55.005517241379316,57.57344827586207,0,2
968.15,25,1467.28,0.0,23.6,1.0,15,0,0,1,38.726,58.6912,0,0
1560.67,23,0.0,616.67,103.7,1.0,15,0,0,1,67.85521739130435,0.0,0,3
809.33,20,0.0,0.0,19.2,1.0,15,0,0,1,40.4665,0.0,0,1
730.08,18,0.0,0.0,20.3,1.0,15,0,0,1,40.56,0.0,0,4
5157.43,0,1673.74,399.17,166.1,0.23,16,0,1,0,5157.43,1673.74,1,5
1621.15,5,735.7,0.0,21.2,1.0,16,0,1,1,324.23,147.14000000000001,0,2
1423.64,9,1779.07,0.0,21.2,1.0,16,0,1,1,158.18222222222224,197.67444444444445,0,0
1893.45,5,0.0,615.7,267.0,1.0,16,0,1,1,378.69,0.0,0,3
1338.09,3,0.0,0.0,18.4,1.0,16,0,1,1,446.03,0.0,0,1
502.8,9,0.0,0.0,22.4,1.0,16,0,1,1,55.86666666666667,0.0,0,4
3290.87,4,1875.58,545.14,79.5,1.0,17,0,1,1,822.7175,468.895,0,5
1873.88,3,1191.39,0.0,19.8,1.0,17,0,1,1,624.6266666666667,397.13000000000005,0,2
1689.1,5,1924.38,0.0,24.6,1.0,17,0,1,1,337.82,384.87600000000003,0,0
1653.77,2,0.0,473.58,122.2,1.0,17,0,1,1,826.885,0.0,0,3
720.57,5,0.0,0.0,18.5,1.0,17,0,1,1,144.114,0.0,0,1
671.33,5,0.0,0.0,22.3,1.0,17,0,1,1,134.26600000000002,0.0,0,4
2497.37,9,766.95,334.81,78.4,1.0,18,0,1,1,277.48555555555555,85.21666666666667,0,5
1451.52,2,1864.91,0.0,23.0,1.0,18,0,1,1,725.76,932.455,0,2
823.37,3,1045.34,0.0,19.5,1.0,18,0,1,1,274.45666666666665,348.44666666666666,0,0
1960.49,7,0.0,337.34,187.8,1.0,18,0,1,1,280.07,0.0,0,3
1232.6,0,0.0,0.0,20.0,0.97,18,0,1,0,1232.6,0.0,1,1
914.33,8,0.0,0.0,19.5,1.0,18,0,1,1,114.29125,0.0,0,4
3965.64,4,1467.65,589.94,68.8,1.0,19,0,1,1,991.41,366.9125,0,5
2259.56,10,1097.41,0.0,18.5,1.0,19,0,1,1,225.956,109.74100000000001,0,2
1210.68,9,726.4,0.0,19.9,1.0,19,0,1,1,134.52,80.71111111111111,0,0
1905.97,5,0.0,729.81,218.9,1.0,19,0,1,1,381.194,0.0,0,3
709.35,8,0.0,0.0,22.3,1.0,19,0,1,1,88.66875,0.0,0,1
767.09,5,0.0,0.0,23.4,1.0,19,0,1,1,153.418,0.0,0,4
2733.51,0,367.55,523.92,132.7,0.44,20,0,1,0,2733.51,367.55,1,5
1015.2,6,1081.87,0.0,23.3,1.0,20,0,1,1,169.20000000000002,180.31166666666664,0,2
1390.78,0,1215.35,0.0,21.1,0.86,20,0,1,0,1390.78,1215.35,1,0
1643.71,2,0.0,207.67,198.5,1.0,20,0,1,1,821.855,0.0,0,3
1272.6,1,0.0,0.0,26.3,0.94,20,0,1,1,1272.6,0.0,1,1
506.59,2,0.0,0.0,27.7,1.0,20,0,1,1,253.295,0.0,0,4
2812.56,8,917.32,538.34,132.1,1.0,21,0,1,1,351.57,114.665,0,5
2455.31,1,680.81,0.0,26.2,0.49,21,0,1,1,2455.31,680.81,1,2
1631.35,9,1989.14,0.0,19.6,1.0,21,0,1,1,181.2611111111111,221.01555555555558,0,0
2959.37,3,0.0,206.16,182.6,1.0,21,0,1,1,986.4566666666666,0.0,0,3
826.62,1,0.0,0.0,27.5,1.0,21,0,1,1,826.62,0.0,0,1
850.38,5,0.0,0.0,24.2,1.0,21,0,1,1,170.076,0.0,0,4
4004.47,0,854.26,427.46,164.0,0.3,22,0,1,0,4004.47,854.26,1,5
1572.9,5,1595.11,0.0,19.0,1.0,22,0,1,1,314.58000000000004,319.022,0,2
831.44,4,1123.31,0.0,22.0,1.0,22,0,1,1,207.86,280.8275,0,0
2563.72,9,0.0,336.17,190.5,1.0,22,0,1,1,284.85777777777776,0.0,0,3
1294.84,4,0.0,0.0,19.1,1.0,22,0,1,1,323.71,0.0,0,1
692.73,4,0.0,0.0,21.5,1.0,22,0,1,1,173.1825,0.0,0,4
3341.2,8,1062.21,429.74,173.9,1.0,23,0,1,1,417.65,132.77625,0,5
1389.13,8,1223.64,0.0,27.6,1.0,23,0,1,1,173.64125,152.955,0,2
1119.02,8,928.9,0.0,27.7,1.0,23,0,1,1,139.8775,116.1125,0,0
2955.75,9,0.0,337.71,297.4,1.0,23,0,1,1,328.4166666666667,0.0,0,3
1354.59,7,0.0,0.0,24.6,1.0,23,0,1,1,193.51285714285714,0.0,0,1
815.52,4,0.0,0.0,24.3,1.0,23,0,1,1,203.88,0.0,0,4
2940.67,18,1655.03,603.93,167.8,1.0,0,1,0,1,163.37055555555557,91.94611111111111,0,5
1618.09,18,814.16,0.0,21.7,1.0,0,1,0,1,89.89388888888888,45.23111111111111,0,2
1620.16,26,1756.56,0.0,18.7,1.0,0,1,0,1,62.31384615384616,67.56,0,0
2561.85,15,0.0,408.0,167.7,1.0,0,1,0,1,170.79,0.0,0,3
825.19,16,0.0,0.0,26.8,1.0,0,1,0,1,51.574375,0.0,0,1
521.56,21,0.0,0.0,20.7,1.0,0,1,0,1,24.836190476190474,0.0,0,4
3918.34,23,1657.64,392.9,178.3,1.0,1,1,0,1,170.36260869565217,72.07130434782609,0,5
2443.85,27,1001.45,0.0,18.2,1.0,1,1,0,1,90.51296296296296,37.09074074074074,0,2
1038.15,25,1232.29,0.0,19.7,1.0,1,1,0,1,41.526,49.291599999999995,0,0
2423.73,27,0.0,741.29,219.6,1.0,1,1,0,1,89.76777777777778,0.0,0,3
937.95,28,0.0,0.0,23.1,1.0,1,1,0,1,33.49821428571429,0.0,0,1
540.61,17,0.0,0.0,21.1,1.0,1,1,0,1,31.800588235294118,0.0,0,4
2450.7,23,1884.93,373.9,71.2,1.0,2,1,0,1,106.55217391304348,81.95347826086957,0,5
1226.88,22,604.16,0.0,18.7,1.0,2,1,0,1,55.76727272727273,27.46181818181818,0,2
1285.08,18,836.12,0.0,26.3,1.0,2,1,0,1,71.39333333333333,46.45111111111111,0,0
2916.88,26,0.0,713.39,204.1,1.0,2,1,0,1,112.18769230769232,0.0,0,3
1395.18,25,0.0,0.0,21.0,1.0,2,1,0,1,55.8072,0.0,0,1
702.33,20,0.0,0.0,22.4,1.0,2,1,0,1,35.1165,0.0,0,4
2835.32,15,1643.08,253.31,116.5,1.0,3,1,0,1,189.02133333333333,109.53866666666666,0,5
2420.44,30,1855.48,0.0,21.4,1.0,3,1,0,1,80.68133333333334,61.849333333333334,0,2
1607.81,24,1391.45,0.0,20.1,1.0,3,1,0,1,66.99208333333333,57.97708333333333,0,0
1963.66,17,0.0,265.87,284.7,1.0,3,1,0,1,115.50941176470589,0.0,0,3
860.98,25,0.0,0.0,27.1,1.0,3,1,0,1,34.4392,0.0,0,1
893.33,18,0.0,0.0,24.7,1.0,3,1,0,1,49.629444444444445,0.0,0,4
2278.75,29,1912.96,456.47,177.9,1.0,4,1,0,1,78.57758620689656,65.96413793103449,0,5
1906.74,18,1004.14,0.0,21.6,1.0,4,1,0,1,105.93,55.785555555555554,0,2
1153.06,21,812.96,0.0,21.4,1.0,4,1,0,1,54.90761904761904,38.712380952380954,0,0
2247.42,29,0.0,241.15,218.4,1.0,4,1,0,1,77.49724137931035,0.0,0,3
1244.66,19,0.0,0.0,21.8,1.0,4,1,0,1,65.50842105263159,0.0,0,1
942.56,28,0.0,0.0,24.5,1.0,4,1,0,1,33.66285714285714,0.0,0,4
2682.49,17,1018.69,531.26,135.7,1.0,5,1,0,1,157.7935294117647,59.922941176470594,0,5
1308.29,23,1284.16,0.0,26.4,1.0,5,1,0,1,56.882173913043474,55.833043478260876,0,2
1180.48,28,1600.33,0.0,21.7,1.0,5,1,0,1,42.160000000000004,57.15464285714285,0,0
2643.25,20,0.0,229.73,146.3,1.0,5,1,0,1,132.1625,0.0,0,3
1012.2,28,0.0,0.0,24.7,1.0,5,1,0,1,36.15,0.0,0,1
779.67,20,0.0,0.0,27.4,1.0,5,1,0,1,38.9835,0.0,0,4
2437.1,25,1258.3,666.56,150.9,1.0,6,1,0,1,97.484,50.332,0,5
1506.2,16,1132.42,0.0,23.4,1.0,6,1,0,1,94.1375,70.77625,0,2
1151.48,24,1030.64,0.0,19.5,1.0,6,1,0,1,47.97833333333333,42.943333333333335,0,0
1545.87,22,0.0,657.86,261.8,1.0,6,1,0,1,70.26681818181818,0.0,0,3
1418.49,18,0.0,0.0,27.8,1.0,6,1,0,1,78.805,0.0,0,1
782.21,26,0.0,0.0,26.0,1.0,6,1,0,1,30.085,0.0,0,4
2343.29,24,1097.13,275.54,145.3,1.0,7,1,0,1,97.63708333333334,45.713750000000005,0,5
1443.44,20,1916.34,0.0,21.6,1.0,7,1,0,1,72.172,95.817,0,2
1184.25,22,1564.77,0.0,18.7,1.0,7,1,0,1,53.82954545454545,71.12590909090909,0,0
1650.92,27,0.0,296.84,195.1,1.0,7,1,0,1,61.14518518518519,0.0,0,3
896.89,19,0.0,0.0,23.6,1.0,7,1,0,1,47.20473684210526,0.0,0,1
621.18,24,0.0,0.0,20.7,1.0,7,1,0,1,25.882499999999997,0.0,0,4
2235.57,17,527.01,535.22,146.7,1.0,8,1,0,1,131.50411764705882,31.000588235294117,0,5
1549.33,19,1768.08,0.0,18.9,1.0,8,1,0,1,81.54368421052631,93.05684210526316,0,2
1664.17,29,738.16,0.0,24.7,1.0,8,1,0,1,57.38517241379311,25.453793103448273,0,0
2799.37,22,0.0,329.09,192.0,1.0,8,1,0,1,127.2440909090909,0.0,0,3
1434.29,24,0.0,0.0,24.0,1.0,8,1,0,1,59.76208333333333,0.0,0,1
610.03,24,0.0,0.0,21.7,1.0,8,1,0,1,25.417916666666667,0.0,0,4
3824.33,15,1900.15,721.01,62.3,1.0,9,1,0,1,254.95533333333333,126.67666666666668,0,5
1969.05,24,535.44,0.0,19.2,1.0,9,1,0,1,82.04375,22.310000000000002,0,2
1068.39,21,1599.68,0.0,21.7,1.0,9,1,0,1,50.87571428571429,76.1752380952381,0,0
2751.46,26,0.0,394.45,223.0,1.0,9,1,0,1,105.82538461538462,0.0,0,3
978.13,19,0.0,0.0,19.5,1.0,9,1,0,1,51.480526315789476,0.0,0,1
677.8,16,0.0,0.0,20.6,1.0,9,1,0,1,42.3625,0.0,0,4
3804.88,29,788.62,294.23,158.8,1.0,10,1,0,1,131.20275862068965,27.193793103448275,0,5
1370.91,16,1473.18,0.0,18.3,1.0,10,1,0,1,85.681875,92.07375,0,2
1280.23,15,1010.56,0.0,27.2,1.0,10,1,0,1,85.34866666666667,67.37066666666666,0,0
2367.49,17,0.0,544.35,169.1,1.0,10,1,0,1,139.2641176470588,0.0,0,3
1499.56,21,0.0,0.0,26.5,1.0,10,1,0,1,71.40761904761905,0.0,0,1
516.32,16,0.0,0.0,23.7,1.0,10,1,0,1,32.27,0.0,0,4
2259.0,16,710.19,463.94,130.1,1.0,11,1,0,1,141.1875,44.386875,0,5
1752.35,27,1472.89,0.0,21.2,1.0,11,1,0,1,64.90185185185184,54.55148148148149,0,2
1568.96,27,658.67,0.0,24.5,1.0,11,1,0,1,58.10962962962963,24.395185185185184,0,0
2850.25,17,0.0,351.87,199.7,1.0,11,1,0,1,167.66176470588235,0.0,0,3
1318.72,30,0.0,0.0,18.8,1.0,11,1,0,1,43.95733333333333,0.0,0,1
518.83,28,0.0,0.0,23.1,1.0,11,1,0,1,18.529642857142857,0.0,0,4
2374.29,25,1859.9,307.44,126.5,1.0,12,1,0,1,94.9716,74.396,0,5
1772.25,25,818.2,0.0,21.8,1.0,12,1,0,1,70.89,32.728,0,2
1005.29,30,1068.27,0.0,20.1,1.0,12,1,0,1,33.50966666666667,35.609,0,0
1819.4,20,0.0,685.45,190.9,1.0,12,1,0,1,90.97,0.0,0,3
1130.55,24,0.0,0.0,20.1,1.0,12,1,0,1,47.106249999999996,0.0,0,1
566.9,25,0.0,0.0,19.9,1.0,12,1,0,1,22.676,0.0,0,4
3663.79,24,1104.42,361.11,117.5,1.0,13,1,0,1,152.65791666666667,46.017500000000005,0,5
2111.66,17,1709.43,0.0,25.8,1.0,13,1,0,1,124.21529411764705,100.55470588235295,0,2
841.93,15,619.79,0.0,25.0,1.0,13,1,0,1,56.12866666666666,41.31933333333333,0,0
1674.64,24,0.0,287.6,150.5,1.0,13,1,0,1,69.77666666666667,0.0,0,3
997.5,24,0.0,0.0,21.2,1.0,13,1,0,1,41.5625,0.0,0,1
542.3,23,0.0,0.0,22.7,1.0,13,1,0,1,23.578260869565216,0.0,0,4
3553.6,19,1214.4,257.53,148.0,1.0,14,1,0,1,187.03157894736842,63.915789473684214,0,5
1237.78,19,977.02,0.0,22.0,1.0,14,1,0,1,65.14631578947369,51.422105263157896,0,2
1328.06,22,1887.6,0.0,20.5,1.0,14,1,0,1,60.36636363636364,85.8,0,0
2334.59,18,0.0,432.46,182.6,1.0,14,1,0,1,129.69944444444445,0.0,0,3
922.34,24,0.0,0.0,27.3,1.0,14,1,0,1,38.43083333333333,0.0,0,1
815.96,23,0.0,0.0,18.8,1.0,14,1,0,1,35.47652173913043,0.0,0,4
3291.8,17,1566.31,232.03,139.6,1.0,15,1,0,1,193.63529411764708,92.13588235294117,0,5
1972.7,30,892.9,0.0,25.4,1.0,15,1,0,1,65.75666666666667,29.763333333333332,0,2
1007.69,28,553.07,0.0,26.7,1.0,15,1,0,1,35.98892857142857,19.7525,0,0
2473.87,21,0.0,307.85,136.7,1.0,15,1,0,1,117.80333333333333,0.0,0,3
1261.58,16,0.0,0.0,26.0,1.0,15,1,0,1,78.84875,0.0,0,1
709.73,28,0.0,0.0,25.1,1.0,15,1,0,1,25.3475,0.0,0,4
4337.35,0,917.47,589.32,113.9,0.28,16,1,1,0,4337.35,917.47,1,5
2209.96,2,1681.58,0.0,23.9,1.0,16,1,1,1,1104.98,840.79,0,2
1235.13,5,1950.09,0.0,22.6,1.0,16,1,1,1,247.026,390.018,0,0
2015.63,0,0.0,206.38,100.7,0.6,16,1,1,0,2015.63,0.0,1,3
1025.41,4,0.0,0.0,26.7,1.0,16,1,1,1,256.3525,0.0,0,1
706.42,8,0.0,0.0,18.0,1.0,16,1,1,1,88.3025,0.0,0,4
2052.94,0,590.89,567.73,158.7,0.58,17,1,1,0,2052.94,590.89,1,5
1792.98,6,1746.37,0.0,18.2,1.0,17,1,1,1,298.83,291.06166666666667,0,2
1226.88,5,1205.92,0.0,21.3,1.0,17,1,1,1,245.37600000000003,241.18400000000003,0,0
2146.25,8,0.0,352.63,249.7,1.0,17,1,1,1,268.28125,0.0,0,3
1324.72,7,0.0,0.0,24.7,1.0,17,1,1,1,189.24571428571429,0.0,0,1
827.61,9,0.0,0.0,19.6,1.0,17,1,1,1,91.95666666666666,0.0,0,4
4939.18,0,1050.19,711.51,171.0,0.24,18,1,1,0,4939.18,1050.19,1,5
1228.61,7,1375.35,0.0,26.1,1.0,18,1,1,1,175.51571428571427,196.47857142857143,0,2
1412.03,10,553.95,0.0,24.6,1.0,18,1,1,1,141.203,55.395,0,0
2524.61,6,0.0,792.09,134.2,1.0,18,1,1,1,420.7683333333334,0.0,0,3
1413.53,7,0.0,0.0,27.3,1.0,18,1,1,1,201.93285714285713,0.0,0,1
970.39,7,0.0,0.0,24.1,1.0,18,1,1,1,138.62714285714284,0.0,0,4
2009.0,8,556.69,222.84,87.8,1.0,19,1,1,1,251.125,69.58625,0,5
1817.66,8,1326.14,0.0,24.1,1.0,19,1,1,1,227.2075,165.7675,0,2
1198.25,10,972.64,0.0,23.1,1.0,19,1,1,1,119.825,97.264,0,0
2479.28,10,0.0,510.21,188.2,1.0,19,1,1,1,247.92800000000003,0.0,0,3
951.53,3,0.0,0.0,27.2,1.0,19,1,1,1,317.1766666666667,0.0,0,1
609.86,5,0.0,0.0,23.3,1.0,19,1,1,1,121.97200000000001,0.0,0,4
3759.05,0,1076.12,504.0,157.6,0.32,20,1,1,0,3759.05,1076.12,1,5
2488.61,0,1206.25,0.0,23.5,0.48,20,1,1,0,2488.61,1206.25,1,2
1319.74,4,1897.33,0.0,20.7,1.0,20,1,1,1,329.935,474.3325,0,0
2814.3,8,0.0,417.5,157.4,1.0,20,1,1,1,351.7875,0.0,0,3
1104.53,7,0.0,0.0,19.0,1.0,20,1,1,1,157.79,0.0,0,1
627.32,2,0.0,0.0,24.8,1.0,20,1,1,1,313.66,0.0,0,4
3565.05,0,906.16,447.47,153.9,0.34,21,1,1,0,3565.05,906.16,1,5
2405.65,10,1028.96,0.0,20.1,1.0,21,1,1,1,240.565,102.896,0,2
872.7,3,1793.04,0.0,21.7,1.0,21,1,1,1,290.90000000000003,597.68,0,0
2313.44,3,0.0,589.2,285.3,1.0,21,1,1,1,771.1466666666666,0.0,0,3
1429.99,6,0.0,0.0,26.7,1.0,21,1,1,1,238.33166666666668,0.0,0,1
745.18,4,0.0,0.0,24.5,1.0,21,1,1,1,186.295,0.0,0,4
2836.24,0,862.51,620.61,82.7,0.42,22,1,1,0,2836.24,862.51,1,5
1750.82,1,1947.68,0.0,18.0,0.69,22,1,1,1,1750.82,1947.68,1,2
1341.96,5,1867.95,0.0,26.3,1.0,22,1,1,1,268.392,373.59000000000003,0,0
2945.35,1,0.0,798.07,224.8,0.41,22,1,1,1,2945.35,0.0,1,3
1116.59,8,0.0,0.0,18.5,1.0,22,1,1,1,139.57375,0.0,0,1
849.64,0,0.0,0.0,20.2,1.0,22,1,1,0,849.64,0.0,1,4
2016.54,9,1952.52,383.14,99.4,1.0,23,1,1,1,224.06,216.94666666666666,0,5
1582.36,4,1054.67,0.0,23.9,1.0,23,1,1,1,395.59,263.6675,0,2
892.41,4,1480.57,0.0,23.3,1.0,23,1,1,1,223.1025,370.1425,0,0
2840.13,3,0.0,390.54,242.3,1.0,23,1,1,1,946.71,0.0,0,3
1205.82,7,0.0,0.0,25.9,1.0,23,1,1,1,172.26,0.0,0,1
551.86,4,0.0,0.0,25.6,1.0,23,1,1,1,137.965,0.0,0,4
2272.73,20,1617.75,764.36,152.7,1.0,0,2,0,1,113.6365,80.8875,0,5
1047.49,18,780.16,0.0,18.1,1.0,0,2,0,1,58.19388888888889,43.34222222222222,0,2
1718.92,23,671.29,0.0,19.2,1.0,0,2,0,1,74.73565217391305,29.186521739130434,0,0
1989.34,16,0.0,455.09,278.3,1.0,0,2,0,1,124.33375,0.0,0,3
1101.99,26,0.0,0.0,18.8,1.0,0,2,0,1,42.38423076923077,0.0,0,1
601.74,15,0.0,0.0,27.5,1.0,0,2,0,1,40.116,0.0,0,4
2579.72,19,1551.73,588.02,125.3,1.0,1,2,0,1,135.77473684210526,81.67,0,5
2338.21,17,1028.76,0.0,27.0,1.0,1,2,0,1,137.54176470588234,60.51529411764706,0,2
1228.09,21,1738.71,0.0,18.8,1.0,1,2,0,1,58.48047619047619,82.79571428571428,0,0
2904.98,28,0.0,779.29,234.9,1.0,1,2,0,1,103.74928571428572,0.0,0,3
1449.16,23,0.0,0.0,23.0,1.0,1,2,0,1,63.006956521739134,0.0,0,1
778.61,29,0.0,0.0,19.9,1.0,1,2,0,1,26.848620689655174,0.0,0,4
2767.51,30,1610.65,600.1,146.9,1.0,2,2,0,1,92.25033333333334,53.68833333333334,0,5
2240.69,18,554.06,0.0,28.0,1.0,2,2,0,1,124.48277777777778,30.78111111111111,0,2
1670.12,21,782.79,0.0,18.5,1.0,2,2,0,1,79.52952380952381,37.27571428571429,0,0
2593.6,19,0.0,203.99,295.6,1.0,2,2,0,1,136.50526315789475,0.0,0,3
961.95,21,0.0,0.0,27.4,1.0,2,2,0,1,45.80714285714286,0.0,0,1
955.35,19,0.0,0.0,26.8,1.0,2,2,0,1,50.28157894736842,0.0,0,4
2001.86,28,714.28,545.06,170.8,1.0,3,2,0,1,71.49499999999999,25.509999999999998,0,5
1778.94,21,1781.58,0.0,24.2,1.0,3,2,0,1,84.71142857142857,84.83714285714285,0,2
1338.29,20,1577.34,0.0,23.6,1.0,3,2,0,1,66.9145,78.86699999999999,0,0
1885.03,24,0.0,695.44,288.5,1.0,3,2,0,1,78.54291666666667,0.0,0,3
1081.67,18,0.0,0.0,18.6,1.0,3,2,0,1,60.09277777777778,0.0,0,1
660.68,15,0.0,0.0,26.8,1.0,3,2,0,1,44.04533333333333,0.0,0,4
2494.06,26,547.22,310.18,127.7,1.0,4,2,0,1,95.92538461538462,21.04692307692308,0,5
1007.86,26,873.71,0.0,22.5,1.0,4,2,0,1,38.76384615384615,33.60423076923077,0,2
1118.91,27,589.63,0.0,24.2,1.0,4,2,0,1,41.44111111111111,21.838148148148147,0,0
2602.09,19,0.0,562.04,104.6,1.0,4,2,0,1,136.9521052631579,0.0,0,3
1067.73,27,0.0,0.0,20.4,1.0,4,2,0,1,39.54555555555556,0.0,0,1
522.28,25,0.0,0.0,27.7,1.0,4,2,0,1,20.891199999999998,0.0,0,4
3238.39,25,838.88,667.59,165.2,1.0,5,2,0,1,129.5356,33.5552,0,5
1336.19,21,1297.6,0.0,19.6,1.0,5,2,0,1,63.62809523809524,61.790476190476184,0,2
1543.14,16,1608.04,0.0,27.0,1.0,5,2,0,1,96.44625,100.5025,0,0
1529.17,19,0.0,733.33,193.3,1.0,5,2,0,1,80.48263157894738,0.0,0,3
1366.0,24,0.0,0.0,24.7,1.0,5,2,0,1,56.916666666666664,0.0,0,1
588.75,22,0.0,0.0,26.6,1.0,5,2,0,1,26.761363636363637,0.0,0,4
2771.64,25,1363.35,406.57,127.0,1.0,6,2,0,1,110.8656,54.534,0,5
2313.3,21,1277.0,0.0,20.2,1.0,6,2,0,1,110.15714285714287,60.80952380952381,0,2
830.22,22,505.39,0.0,20.2,1.0,6,2,0,1,37.73727272727273,22.972272727272728,0,0
2344.82,22,0.0,554.24,192.5,1.0,6,2,0,1,106.58272727272728,0.0,0,3
1090.53,30,0.0,0.0,23.9,1.0,6,2,0,1,36.351,0.0,0,1
723.58,30,0.0,0.0,20.8,1.0,6,2,0,1,24.119333333333334,0.0,0,4
3281.13,26,1161.21,407.85,127.2,1.0,7,2,0,1,126.1973076923077,44.66192307692308,0,5
1815.02,15,593.92,0.0,25.6,1.0,7,2,0,1,121.00133333333333,39.59466666666666,0,2
1608.4,26,1217.22,0.0,23.5,1.0,7,2,0,1,61.861538461538466,46.816153846153846,0,0
2289.83,16,0.0,418.43,217.8,1.0,7,2,0,1,143.114375,0.0,0,3
782.61,22,0.0,0.0,19.0,1.0,7,2,0,1,35.573181818181816,0.0,0,1
680.69,29,0.0,0.0,23.0,1.0,7,2,0,1,23.472068965517245,0.0,0,4
2870.3,21,582.92,293.97,116.7,1.0,8,2,0,1,136.6809523809524,27.758095238095237,0,5
1927.05,22,1361.7,0.0,24.5,1.0,8,2,0,1,87.59318181818182,61.89545454545455,0,2
1435.31,30,1228.3,0.0,24.8,1.0,8,2,0,1,47.843666666666664,40.943333333333335,0,0
1556.41,17,0.0,726.27,286.6,1.0,8,2,0,1,91.55352941176471,0.0,0,3
922.85,28,0.0,0.0,24.8,1.0,8,2,0,1,32.95892857142857,0.0,0,1
741.29,26,0.0,0.0,19.5,1.0,8,2,0,1,28.511153846153846,0.0,0,4
2869.25,19,1801.14,571.54,166.0,1.0,9,2,0,1,151.01315789473685,94.79684210526317,0,5
2123.57,22,521.62,0.0,18.3,1.0,9,2,0,1,96.5259090909091,23.71,0,2
942.48,29,1964.21,0.0,24.6,1.0,9,2,0,1,32.499310344827585,67.73137931034483,0,0
2563.25,23,0.0,471.06,299.0,1.0,9,2,0,1,111.44565217391305,0.0,0,3
1102.27,25,0.0,0.0,27.2,1.0,9,2,0,1,44.0908,0.0,0,1
979.41,20,0.0,0.0,18.5,1.0,9,2,0,1,48.9705,0.0,0,4
3345.66,28,1998.13,425.02,165.9,1.0,10,2,0,1,119.48785714285714,71.36178571428572,0,5
2340.64,27,530.6,0.0,24.6,1.0,10,2,0,1,86.69037037037036,19.651851851851852,0,2
1743.75,16,612.34,0.0,22.3,1.0,10,2,0,1,108.984375,38.27125,0,0
2602.17,16,0.0,279.82,277.6,1.0,10,2,0,1,162.635625,0.0,0,3
1198.98,24,0.0,0.0,21.1,1.0,10,2,0,1,49.9575,0.0,0,1
941.48,27,0.0,0.0,19.0,1.0,10,2,0,1,34.86962962962963,0.0,0,4
3359.04,29,977.22,426.03,97.1,1.0,11,2,0,1,115.82896551724137,33.69724137931035,0,5
1221.53,16,1724.86,0.0,27.9,1.0,11,2,0,1,76.345625,107.80375,0,2
1058.0,16,1366.71,0.0,18.8,1.0,11,2,0,1,66.125,85.419375,0,0
1625.29,18,0.0,290.83,158.1,1.0,11,2,0,1,90.29388888888889,0.0,0,3
1319.33,28,0.0,0.0,20.2,1.0,11,2,0,1,47.11892857142857,0.0,0,1
539.53,25,0.0,0.0,22.0,1.0,11,2,0,1,21.5812,0.0,0,4
3398.49,21,1362.95,622.62,95.7,1.0,12,2,0,1,161.83285714285714,64.90238095238095,0,5
2178.14,18,532.25,0.0,27.9,1.0,12,2,0,1,121.00777777777778,29.569444444444443,0,2
1577.97,16,630.39,0.0,22.3,1.0,12,2,0,1,98.623125,39.399375,0,0
1981.94,23,0.0,334.58,128.8,1.0,12,2,0,1,86.1713043478261,0.0,0,3
733.6,30,0.0,0.0,23.5,1.0,12,2,0,1,24.453333333333333,0.0,0,1
964.38,23,0.0,0.0,25.1,1.0,12,2,0,1,41.92956521739131,0.0,0,4
3006.8,27,1371.01,674.56,91.9,1.0,13,2,0,1,111.36296296296297,50.77814814814815,0,5
2136.66,19,1155.01,0.0,23.6,1.0,13,2,0,1,112.4557894736842,60.79,0,2
1760.16,23,625.96,0.0,25.7,1.0,13,2,0,1,76.52869565217392,27.215652173913046,0,0
2443.42,21,0.0,310.36,195.6,1.0,13,2,0,1,116.35333333333334,0.0,0,3
1177.33,26,0.0,0.0,26.5,1.0,13,2,0,1,45.28192307692307,0.0,0,1
890.71,21,0.0,0.0,19.2,1.0,13,2,0,1,42.4147619047619,0.0,0,4
3102.49,20,974.76,594.98,134.3,1.0,14,2,0,1,155.12449999999998,48.738,0,5
2216.62,15,1762.96,0.0,27.9,1.0,14,2,0,1,147.77466666666666,117.53066666666668,0,2
1429.07,18,1855.1,0.0,19.2,1.0,14,2,0,1,79.39277777777778,103.0611111111111,0,0
1574.8,15,0.0,327.4,149.6,1.0,14,2,0,1,104.98666666666666,0.0,0,3
1437.81,15,0.0,0.0,25.2,1.0,14,2,0,1,95.854,0.0,0,1
909.73,16,0.0,0.0,22.2,1.0,14,2,0,1,56.858125,0.0,0,4
2567.01,25,1188.25,410.37,128.6,1.0,15,2,0,1,102.6804,47.53,0,5
1833.99,28,1659.08,0.0,26.7,1.0,15,2,0,1,65.49964285714286,59.25285714285714,0,2
914.27,21,1419.56,0.0,24.2,1.0,15,2,0,1,43.53666666666667,67.59809523809524,0,0
2991.28,22,0.0,556.85,235.3,1.0,15,2,0,1,135.96727272727273,0.0,0,3
1332.46,28,0.0,0.0,19.4,1.0,15,2,0,1,47.587857142857146,0.0,0,1
668.24,22,0.0,0.0,18.4,1.0,15,2,0,1,30.374545454545455,0.0,0,4
3414.56,0,807.62,750.65,163.7,0.35,16,2,1,0,3414.56,807.62,1,5
1508.85,0,952.64,0.0,25.1,0.8,16,2,1,0,1508.85,952.64,1,2
1654.22,4,1956.05,0.0,25.3,1.0,16,2,1,1,413.555,489.0125,0,0
2114.74,4,0.0,606.26,129.1,1.0,16,2,1,1,528.685,0.0,0,3
1365.82,5,0.0,0.0,21.0,1.0,16,2,1,1,273.164,0.0,0,1
603.81,8,0.0,0.0,27.6,1.0,16,2,1,1,75.47625,0.0,0,4
3687.46,4,1381.22,267.59,74.1,1.0,17,2,1,1,921.865,345.305,0,5
1704.75,7,1881.45,0.0,27.1,1.0,17,2,1,1,243.53571428571428,268.7785714285714,0,2
1786.45,7,609.28,0.0,18.8,1.0,17,2,1,1,255.20714285714286,87.03999999999999,0,0
1541.03,10,0.0,665.14,160.5,1.0,17,2,1,1,154.103,0.0,0,3
965.6,2,0.0,0.0,23.0,1.0,17,2,1,1,482.8,0.0,0,1
796.2,0,0.0,0.0,26.7,1.0,17,2,1,0,796.2,0.0,1,4
3464.32,0,278.59,482.18,87.6,0.35,18,2,1,0,3464.32,278.59,1,5
2069.68,0,634.69,0.0,19.9,0.58,18,2,1,0,2069.68,634.69,1,2
1314.84,10,1511.72,0.0,23.8,1.0,18,2,1,1,131.48399999999998,151.172,0,0
2374.51,1,0.0,606.91,161.4,0.51,18,2,1,1,2374.51,0.0,1,3
1310.82,7,0.0,0.0,27.8,1.0,18,2,1,1,187.26,0.0,0,1
980.19,3,0.0,0.0,24.4,1.0,18,2,1,1,326.73,0.0,0,4
3484.35,3,1291.78,658.04,75.7,1.0,19,2,1,1,1161.45,430.5933333333333,0,5
1042.86,6,602.89,0.0,21.8,1.0,19,2,1,1,173.80999999999997,100.48166666666667,0,2
1321.06,10,1353.6,0.0,27.4,1.0,19,2,1,1,132.106,135.35999999999999,0,0
2099.73,3,0.0,265.58,153.0,1.0,19,2,1,1,699.91,0.0,0,3
1204.54,4,0.0,0.0,25.8,1.0,19,2,1,1,301.135,0.0,0,1
932.0,7,0.0,0.0,23.4,1.0,19,2,1,1,133.14285714285714,0.0,0,4
4695.22,0,617.89,728.8,173.1,0.26,20,2,1,0,4695.22,617.89,1,5
2380.41,2,1390.71,0.0,18.8,1.0,20,2,1,1,1190.205,695.355,0,2
897.39,7,1590.2,0.0,19.3,1.0,20,2,1,1,128.19857142857143,227.17142857142858,0,0
1880.28,1,0.0,734.69,197.4,0.64,20,2,1,1,1880.28,0.0,1,3
1061.5,4,0.0,0.0,20.6,1.0,20,2,1,1,265.375,0.0,0,1
654.8,9,0.0,0.0,28.0,1.0,20,2,1,1,72.75555555555555,0.0,0,4
2567.74,8,1876.61,458.67,113.4,1.0,21,2,1,1,320.9675,234.57625,0,5
2143.68,9,1799.03,0.0,23.1,1.0,21,2,1,1,238.18666666666664,199.89222222222222,0,2
1170.11,1,772.44,0.0,26.1,1.0,21,2,1,1,1170.11,772.44,0,0
1677.14,2,0.0,359.1,240.6,1.0,21,2,1,1,838.57,0.0,0,3
1398.57,0,0.0,0.0,19.4,0.86,21,2,1,0,1398.57,0.0,1,1
730.99,2,0.0,0.0,23.9,1.0,21,2,1,1,365.495,0.0,0,4
3199.41,0,458.09,259.62,178.6,0.38,22,2,1,0,3199.41,458.09,1,5
2135.0,2,1049.53,0.0,23.8,1.0,22,2,1,1,1067.5,524.765,0,2
1485.12,8,804.36,0.0,26.8,1.0,22,2,1,1,185.64,100.545,0,0
2248.98,5,0.0,636.43,190.4,1.0,22,2,1,1,449.796,0.0,0,3
907.5,6,0.0,0.0,21.7,1.0,22,2,1,1,151.25,0.0,0,1
777.95,4,0.0,0.0,27.4,1.0,22,2,1,1,194.4875,0.0,0,4
4147.7,0,520.24,444.1,75.7,0.29,23,2,1,0,4147.7,520.24,1,5
2357.31,10,678.64,0.0,22.1,1.0,23,2,1,1,235.731,67.864,0,2
1296.77,1,1988.09,0.0,25.0,0.93,23,2,1,1,1296.77,1988.09,1,0
2120.29,6,0.0,553.75,267.3,1.0,23,2,1,1,353.38166666666666,0.0,0,3
1147.94,7,0.0,0.0,20.3,1.0,23,2,1,1,163.99142857142857,0.0,0,1
987.62,5,0.0,0.0,25.4,1.0,23,2,1,1,197.524,0.0,0,4
2464.52,22,1250.94,676.43,117.0,1.0,0,3,0,1,112.02363636363636,56.8609090909091,0,5
1637.4,25,1580.99,0.0,28.0,1.0,0,3,0,1,65.49600000000001,63.2396,0,2
1736.29,19,1213.66,0.0,25.8,1.0,0,3,0,1,91.38368421052631,63.876842105263165,0,0
1594.2,19,0.0,326.27,188.3,1.0,0,3,0,1,83.90526315789474,0.0,0,3
1395.74,19,0.0,0.0,21.4,1.0,0,3,0,1,73.46,0.0,0,1
951.48,28,0.0,0.0,19.6,1.0,0,3,0,1,33.98142857142857,0.0,0,4
2783.77,20,1661.25,262.73,144.7,1.0,1,3,0,1,139.1885,83.0625,0,5
1918.66,16,1344.18,0.0,27.3,1.0,1,3,0,1,119.91625,84.01125,0,2
1350.6,24,1352.35,0.0,21.6,1.0,1,3,0,1,56.275,56.34791666666666,0,0
1512.0,20,0.0,392.94,147.8,1.0,1,3,0,1,75.6,0.0,0,3
1046.04,21,0.0,0.0,20.7,1.0,1,3,0,1,49.81142857142857,0.0,0,1
592.55,28,0.0,0.0,20.9,1.0,1,3,0,1,21.162499999999998,0.0,0,4
3984.04,17,1460.76,358.24,165.9,1.0,2,3,0,1,234.35529411764705,85.9270588235294,0,5
1009.78,15,1798.99,0.0,22.6,1.0,2,3,0,1,67.31866666666666,119.93266666666666,0,2
962.74,16,848.95,0.0,22.6,1.0,2,3,0,1,60.17125,53.059375,0,0
2275.72,22,0.0,672.62,294.6,1.0,2,3,0,1,103.44181818181818,0.0,0,3
1247.67,16,0.0,0.0,27.8,1.0,2,3,0,1,77.979375,0.0,0,1
606.4,27,0.0,0.0,18.6,1.0,2,3,0,1,22.45925925925926,0.0,0,4
2157.21,18,1757.82,245.14,146.2,1.0,3,3,0,1,119.845,97.65666666666667,0,5
1185.9,17,1871.15,0.0,22.8,1.0,3,3,0,1,69.75882352941177,110.06764705882354,0,2
1677.66,22,740.2,0.0,22.4,1.0,3,3,0,1,76.25727272727273,33.64545454545455,0,0
1921.89,17,0.0,540.69,117.0,1.0,3,3,0,1,113.05235294117648,0.0,0,3
1440.76,22,0.0,0.0,25.4,1.0,3,3,0,1,65.4890909090909,0.0,0,1
976.48,17,0.0,0.0,21.7,1.0,3,3,0,1,57.44,0.0,0,4
2500.59,30,797.97,509.81,85.0,1.0,4,3,0,1,83.35300000000001,26.599,0,5
1922.64,26,1219.06,0.0,21.9,1.0,4,3,0,1,73.94769230769231,46.886923076923075,0,2
1744.75,24,916.85,0.0,27.7,1.0,4,3,0,1,72.69791666666667,38.202083333333334,0,0
2594.41,19,0.0,634.9,118.6,1.0,4,3,0,1,136.5478947368421,0.0,0,3
1342.54,19,0.0,0.0,27.6,1.0,4,3,0,1,70.66,0.0,0,1
861.52,22,0.0,0.0,24.8,1.0,4,3,0,1,39.16,0.0,0,4
3338.87,15,1284.52,315.02,178.4,1.0,5,3,0,1,222.59133333333332,85.63466666666666,0,5
2200.5,15,1511.57,0.0,20.2,1.0,5,3,0,1,146.7,100.77133333333333,0,2
1096.74,30,1940.24,0.0,20.2,1.0,5,3,0,1,36.558,64.67466666666667,0,0
2355.07,15,0.0,743.2,206.7,1.0,5,3,0,1,157.00466666666668,0.0,0,3
1275.43,19,0.0,0.0,20.8,1.0,5,3,0,1,67.12789473684211,0.0,0,1
981.55,21,0.0,0.0,19.5,1.0,5,3,0,1,46.74047619047619,0.0,0,4
3953.96,30,1773.24,354.33,92.8,1.0,6,3,0,1,131.79866666666666,59.108,0,5
1072.62,16,526.07,0.0,18.7,1.0,6,3,0,1,67.03875,32.879375,0,2
1677.99,16,1870.48,0.0,24.2,1.0,6,3,0,1,104.874375,116.905,0,0
2437.91,23,0.0,233.11,210.7,1.0,6,3,0,1,105.99608695652174,0.0,0,3
795.86,30,0.0,0.0,23.7,1.0,6,3,0,1,26.528666666666666,0.0,0,1
624.11,26,0.0,0.0,27.7,1.0,6,3,0,1,24.00423076923077,0.0,0,4
3349.05,17,506.14,237.46,91.2,1.0,7,3,0,1,197.00294117647059,29.77294117647059,0,5
2122.63,20,1394.93,0.0,24.0,1.0,7,3,0,1,106.1315,69.7465,0,2
1559.06,26,1203.26,0.0,26.4,1.0,7,3,0,1,59.96384615384615,46.27923076923077,0,0
2826.0,25,0.0,766.94,176.6,1.0,7,3,0,1,113.04,0.0,0,3
1083.26,22,0.0,0.0,27.7,1.0,7,3,0,1,49.23909090909091,0.0,0,1
568.95,27,0.0,0.0,22.0,1.0,7,3,0,1,21.072222222222223,0.0,0,4
2423.66,29,884.98,237.4,151.4,1.0,8,3,0,1,83.57448275862069,30.516551724137933,0,5
2492.15,19,1902.08,0.0,25.9,1.0,8,3,0,1,131.1657894736842,100.10947368421053,0,2
1759.76,16,1630.41,0.0,24.8,1.0,8,3,0,1,109.985,101.900625,0,0
2263.98,17,0.0,382.65,182.3,1.0,8,3,0,1,133.17529411764707,0.0,0,3
846.86,17,0.0,0.0,23.6,1.0,8,3,0,1,49.815294117647056,0.0,0,1
717.28,26,0.0,0.0,20.9,1.0,8,3,0,1,27.587692307692308,0.0,0,4
3019.71,23,1625.58,546.33,109.1,1.0,9,3,0,1,131.2917391304348,70.67739130434782,0,5
1051.85,15,1519.75,0.0,19.2,1.0,9,3,0,1,70.12333333333332,101.31666666666666,0,2
1185.3,29,1080.63,0.0,26.5,1.0,9,3,0,1,40.87241379310345,37.263103448275864,0,0
1606.59,26,0.0,610.52,262.0,1.0,9,3,0,1,61.79192307692308,0.0,0,3
1150.75,19,0.0,0.0,24.3,1.0,9,3,0,1,60.56578947368421,0.0,0,1
977.11,22,0.0,0.0,24.3,1.0,9,3,0,1,44.41409090909091,0.0,0,4
3301.65,24,1118.59,513.34,172.5,1.0,10,3,0,1,137.56875,46.60791666666666,0,5
1380.25,15,1107.98,0.0,18.9,1.0,10,3,0,1,92.01666666666667,73.86533333333334,0,2
1631.8,28,1374.02,0.0,25.4,1.0,10,3,0,1,58.278571428571425,49.07214285714286,0,0
2271.97,20,0.0,288.26,135.8,1.0,10,3,0,1,113.59849999999999,0.0,0,3
1285.36,18,0.0,0.0,19.7,1.0,10,3,0,1,71.40888888888888,0.0,0,1
599.99,15,0.0,0.0,20.2,1.0,10,3,0,1,39.99933333333333,0.0,0,4
3932.28,28,940.0,534.86,142.9,1.0,11,3,0,1,140.43857142857144,33.57142857142857,0,5
1454.64,30,1701.67,0.0,25.7,1.0,11,3,0,1,48.48800000000001,56.72233333333334,0,2
1665.53,18,975.17,0.0,27.6,1.0,11,3,0,1,92.52944444444444,54.17611111111111,0,0
2778.03,17,0.0,589.57,241.7,1.0,11,3,0,1,163.41352941176473,0.0,0,3
1380.12,27,0.0,0.0,22.1,1.0,11,3,0,1,51.11555555555555,0.0,0,1
857.06,26,0.0,0.0,26.0,1.0,11,3,0,1,32.96384615384615,0.0,0,4
2697.68,26,570.0,241.28,89.9,1.0,12,3,0,1,103.75692307692307,21.923076923076923,0,5
1412.52,27,1632.77,0.0,20.1,1.0,12,3,0,1,52.315555555555555,60.47296296296296,0,2
894.31,22,1949.79,0.0,20.0,1.0,12,3,0,1,40.650454545454544,88.62681818181818,0,0
2471.1,23,0.0,233.82,210.7,1.0,12,3,0,1,107.4391304347826,0.0,0,3
1361.19,27,0.0,0.0,23.1,1.0,12,3,0,1,50.41444444444445,0.0,0,1
707.77,15,0.0,0.0,27.1,1.0,12,3,0,1,47.184666666666665,0.0,0,4
3814.81,27,1765.21,564.83,132.0,1.0,13,3,0,1,141.28925925925927,65.37814814814816,0,5
2414.95,28,1505.95,0.0,25.4,1.0,13,3,0,1,86.24821428571428,53.783928571428575,0,2
1096.74,20,754.59,0.0,21.4,1.0,13,3,0,1,54.837,37.7295,0,0
2769.52,18,0.0,749.59,195.7,1.0,13,3,0,1,153.86222222222221,0.0,0,3
917.87,22,0.0,0.0,19.6,1.0,13,3,0,1,41.721363636363634,0.0,0,1
690.18,15,0.0,0.0,25.0,1.0,13,3,0,1,46.01199999999999,0.0,0,4
3972.34,20,1200.6,708.95,104.1,1.0,14,3,0,1,198.61700000000002,60.029999999999994,0,5
2356.43,28,1912.43,0.0,24.6,1.0,14,3,0,1,84.15821428571428,68.30107142857143,0,2
1090.94,17,1175.45,0.0,18.9,1.0,14,3,0,1,64.17294117647059,69.14411764705882,0,0
2684.11,15,0.0,545.68,121.9,1.0,14,3,0,1,178.9406666666667,0.0,0,3
732.21,19,0.0,0.0,21.9,1.0,14,3,0,1,38.53736842105263,0.0,0,1
633.08,21,0.0,0.0,25.3,1.0,14,3,0,1,30.14666666666667,0.0,0,4
3190.95,15,1481.33,352.62,177.2,1.0,15,3,0,1,212.73,98.75533333333333,0,5
2392.87,21,1437.65,0.0,24.2,1.0,15,3,0,1,113.94619047619047,68.45952380952382,0,2
957.45,27,740.57,0.0,19.0,1.0,15,3,0,1,35.461111111111116,27.42851851851852,0,0
1771.64,28,0.0,309.19,239.5,1.0,15,3,0,1,63.27285714285715,0.0,0,3
917.23,26,0.0,0.0,26.3,1.0,15,3,0,1,35.278076923076924,0.0,0,1
876.45,20,0.0,0.0,20.6,1.0,15,3,0,1,43.822500000000005,0.0,0,4
3462.51,0,1674.42,357.53,102.5,0.35,16,3,1,0,3462.51,1674.42,1,5
1294.64,1,1955.28,0.0,27.8,0.93,16,3,1,1,1294.64,1955.28,1,2
1617.05,0,317.97,0.0,23.7,0.74,16,3,1,0,1617.05,317.97,1,0
1961.24,10,0.0,218.6,106.1,1.0,16,3,1,1,196.124,0.0,0,3
1012.07,5,0.0,0.0,27.2,1.0,16,3,1,1,202.41400000000002,0.0,0,1
867.99,10,0.0,0.0,18.0,1.0,16,3,1,1,86.799,0.0,0,4
3914.6,7,1219.75,232.81,136.9,1.0,17,3,1,1,559.2285714285714,174.25,0,5
1292.7,6,1749.06,0.0,23.0,1.0,17,3,1,1,215.45000000000002,291.51,0,2
1020.94,6,514.8,0.0,21.3,1.0,17,3,1,1,170.15666666666667,85.8,0,0
2873.44,7,0.0,401.01,124.6,1.0,17,3,1,1,410.49142857142857,0.0,0,3
1432.29,6,0.0,0.0,25.9,1.0,17,3,1,1,238.715,0.0,0,1
719.81,10,0.0,0.0,19.7,1.0,17,3,1,1,71.981,0.0,0,4
3469.92,10,535.02,506.22,94.6,1.0,18,3,1,1,346.992,53.501999999999995,0,5
1900.01,7,1700.15,0.0,27.9,1.0,18,3,1,1,271.43,242.87857142857143,0,2
988.52,0,551.09,0.0,19.9,1.0,18,3,1,0,988.52,551.09,1,0
1996.0,1,0.0,309.79,207.0,0.6,18,3,1,1,1996.0,0.0,1,3
1225.6,1,0.0,0.0,23.9,0.98,18,3,1,1,1225.6,0.0,1,1
918.28,7,0.0,0.0,19.7,1.0,18,3,1,1,131.18285714285713,0.0,0,4
3353.4,0,1060.39,304.37,93.6,0.36,19,3,1,0,3353.4,1060.39,1,5
1203.62,1,1297.79,0.0,19.2,1.0,19,3,1,1,1203.62,1297.79,1,2
1571.78,9,563.63,0.0,23.3,1.0,19,3,1,1,174.64222222222222,62.62555555555556,0,0
2749.81,6,0.0,776.65,293.8,1.0,19,3,1,1,458.3016666666667,0.0,0,3
1066.0,0,0.0,0.0,23.0,1.0,19,3,1,0,1066.0,0.0,1,1
529.62,5,0.0,0.0,23.3,1.0,19,3,1,1,105.924,0.0,0,4
3730.29,9,1279.59,570.64,107.0,1.0,20,3,1,1,414.4766666666667,142.17666666666665,0,5
1224.85,3,899.29,0.0,22.3,1.0,20,3,1,1,408.2833333333333,299.7633333333333,0,2
1676.8,10,938.77,0.0,27.0,1.0,20,3,1,1,167.68,93.877,0,0
1676.11,1,0.0,332.42,192.3,0.72,20,3,1,1,1676.11,0.0,1,3
1469.7,8,0.0,0.0,18.2,1.0,20,3,1,1,183.7125,0.0,0,1
848.49,2,0.0,0.0,19.3,1.0,20,3,1,1,424.245,0.0,0,4
3002.6,4,1756.35,242.35,121.4,1.0,21,3,1,1,750.65,439.0875,0,5
2194.35,4,1631.32,0.0,23.2,1.0,21,3,1,1,548.5875,407.83,0,2
1665.53,9,1478.14,0.0,19.3,1.0,21,3,1,1,185.05888888888887,164.23777777777778,0,0
1756.73,9,0.0,474.8,119.3,1.0,21,3,1,1,195.19222222222223,0.0,0,3
1273.17,2,0.0,0.0,22.9,1.0,21,3,1,1,636.585,0.0,0,1
703.09,7,0.0,0.0,20.4,1.0,21,3,1,1,100.44142857142857,0.0,0,4
3446.22,0,1074.81,466.69,92.7,0.35,22,3,1,0,3446.22,1074.81,1,5
2118.95,10,949.0,0.0,24.3,1.0,22,3,1,1,211.89499999999998,94.9,0,2
1593.18,3,570.56,0.0,20.9,1.0,22,3,1,1,531.0600000000001,190.18666666666664,0,0
1663.33,8,0.0,589.18,101.2,1.0,22,3,1,1,207.91625,0.0,0,3
874.61,7,0.0,0.0,18.4,1.0,22,3,1,1,124.94428571428571,0.0,0,1
599.3,10,0.0,0.0,25.5,1.0,22,3,1,1,59.92999999999999,0.0,0,4
3060.87,8,1000.19,305.48,98.7,1.0,23,3,1,1,382.60875,125.02375,0,5
1744.17,7,987.56,0.0,18.9,1.0,23,3,1,1,249.16714285714286,141.07999999999998,0,2
963.82,0,1385.11,0.0,26.0,1.0,23,3,1,0,963.82,1385.11,1,0
2843.08,5,0.0,583.71,185.7,1.0,23,3,1,1,568.616,0.0,0,3
1106.17,4,0.0,0.0,28.0,1.0,23,3,1,1,276.5425,0.0,0,1
663.36,9,0.0,0.0,19.5,1.0,23,3,1,1,73.70666666666666,0.0,0,4
3117.19,21,1138.08,292.03,72.1,1.0,0,4,0,1,148.43761904761905,54.19428571428571,0,5
1909.32,19,1281.58,0.0,27.3,1.0,0,4,0,1,100.49052631578947,67.45157894736842,0,2
1553.01,23,1441.98,0.0,22.2,1.0,0,4,0,1,67.52217391304347,62.694782608695654,0,0
2224.95,30,0.0,734.15,194.1,1.0,0,4,0,1,74.16499999999999,0.0,0,3
1165.21,23,0.0,0.0,18.4,1.0,0,4,0,1,50.66130434782609,0.0,0,1
795.92,15,0.0,0.0,23.5,1.0,0,4,0,1,53.06133333333333,0.0,0,4
2649.36,23,1362.72,235.12,97.8,1.0,1,4,0,1,115.1895652173913,59.248695652173915,0,5
1535.77,27,1056.12,0.0,21.2,1.0,1,4,0,1,56.88037037037037,39.11555555555555,0,2
1002.48,27,1076.14,0.0,27.8,1.0,1,4,0,1,37.12888888888889,39.85703703703704,0,0
2506.54,18,0.0,326.72,289.7,1.0,1,4,0,1,139.25222222222223,0.0,0,3
818.71,15,0.0,0.0,26.3,1.0,1,4,0,1,54.580666666666666,0.0,0,1
501.64,29,0.0,0.0,27.8,1.0,1,4,0,1,17.297931034482758,0.0,0,4
3090.38,24,511.98,203.78,102.5,1.0,2,4,0,1,128.76583333333335,21.3325,0,5
1158.15,15,1116.62,0.0,21.1,1.0,2,4,0,1,77.21000000000001,74.44133333333333,0,2
1633.25,18,1061.63,0.0,24.6,1.0,2,4,0,1,90.73611111111111,58.979444444444454,0,0
2043.0,18,0.0,419.6,265.2,1.0,2,4,0,1,113.5,0.0,0,3
727.03,23,0.0,0.0,26.5,1.0,2,4,0,1,31.61,0.0,0,1
817.67,18,0.0,0.0,21.6,1.0,2,4,0,1,45.42611111111111,0.0,0,4
3217.42,16,1103.66,348.56,70.6,1.0,3,4,0,1,201.08875,68.97875,0,5
1392.4,27,1875.29,0.0,21.2,1.0,3,4,0,1,51.57037037037038,69.45518518518519,0,2
927.52,17,654.08,0.0,23.5,1.0,3,4,0,1,54.56,38.47529411764706,0,0
1561.22,26,0.0,295.25,186.2,1.0,3,4,0,1,60.04692307692308,0.0,0,3
1413.08,23,0.0,0.0,18.5,1.0,3,4,0,1,61.43826086956521,0.0,0,1
807.37,28,0.0,0.0,22.1,1.0,3,4,0,1,28.834642857142857,0.0,0,4
2155.46,17,584.1,421.45,99.3,1.0,4,4,0,1,126.79176470588236,34.358823529411765,0,5
1469.03,27,713.47,0.0,23.0,1.0,4,4,0,1,54.40851851851852,26.424814814814816,0,2
1217.37,28,1591.74,0.0,19.5,1.0,4,4,0,1,43.4775,56.847857142857144,0,0
2097.25,26,0.0,238.92,279.5,1.0,4,4,0,1,80.66346153846153,0.0,0,3
1177.84,21,0.0,0.0,24.5,1.0,4,4,0,1,56.08761904761904,0.0,0,1
859.82,25,0.0,0.0,27.8,1.0,4,4,0,1,34.3928,0.0,0,4
2550.97,26,1803.99,604.5,108.2,1.0,5,4,0,1,98.11423076923076,69.38423076923077,0,5
2186.82,25,1727.61,0.0,21.4,1.0,5,4,0,1,87.4728,69.1044,0,2
875.46,22,640.14,0.0,23.5,1.0,5,4,0,1,39.79363636363637,29.097272727272728,0,0
2189.18,19,0.0,439.1,242.6,1.0,5,4,0,1,115.21999999999998,0.0,0,3
1042.15,15,0.0,0.0,25.2,1.0,5,4,0,1,69.47666666666667,0.0,0,1
579.11,27,0.0,0.0,25.9,1.0,5,4,0,1,21.44851851851852,0.0,0,4
3557.96,20,720.41,242.64,73.0,1.0,6,4,0,1,177.898,36.0205,0,5
2368.1,23,1786.24,0.0,24.8,1.0,6,4,0,1,102.9608695652174,77.66260869565217,0,2
963.09,20,855.85,0.0,22.5,1.0,6,4,0,1,48.1545,42.792500000000004,0,0
1601.49,28,0.0,750.96,183.0,1.0,6,4,0,1,57.19607142857143,0.0,0,3
952.11,29,0.0,0.0,24.5,1.0,6,4,0,1,32.83137931034483,0.0,0,1
742.39,27,0.0,0.0,23.7,1.0,6,4,0,1,27.495925925925924,0.0,0,4
3441.52,26,1205.71,725.43,179.5,1.0,7,4,0,1,132.36615384615385,46.37346153846154,0,5
1265.79,17,1453.76,0.0,22.1,1.0,7,4,0,1,74.45823529411764,85.51529411764706,0,2
987.25,28,722.04,0.0,24.3,1.0,7,4,0,1,35.25892857142857,25.787142857142857,0,0
2018.36,24,0.0,432.83,160.7,1.0,7,4,0,1,84.09833333333333,0.0,0,3
785.04,19,0.0,0.0,23.9,1.0,7,4,0,1,41.317894736842106,0.0,0,1
987.58,24,0.0,0.0,23.9,1.0,7,4,0,1,41.149166666666666,0.0,0,4
3577.25,24,841.64,631.31,179.7,1.0,8,4,0,1,149.05208333333334,35.068333333333335,0,5
2498.8,18,1306.77,0.0,21.4,1.0,8,4,0,1,138.82222222222222,72.59833333333333,0,2
1523.01,27,1666.48,0.0,22.7,1.0,8,4,0,1,56.407777777777774,61.72148148148148,0,0
2203.48,20,0.0,517.09,145.4,1.0,8,4,0,1,110.174,0.0,0,3
1039.33,28,0.0,0.0,24.3,1.0,8,4,0,1,37.11892857142857,0.0,0,1
662.1,29,0.0,0.0,25.7,1.0,8,4,0,1,22.83103448275862,0.0,0,4
2701.26,29,1042.07,303.45,112.1,1.0,9,4,0,1,93.14689655172414,35.93344827586207,0,5
1773.33,28,831.76,0.0,19.8,1.0,9,4,0,1,63.333214285714284,29.705714285714286,0,2
894.97,20,677.59,0.0,18.6,1.0,9,4,0,1,44.7485,33.8795,0,0
1982.54,27,0.0,599.14,188.9,1.0,9,4,0,1,73.4274074074074,0.0,0,3
1018.24,25,0.0,0.0,20.5,1.0,9,4,0,1,40.7296,0.0,0,1
848.65,28,0.0,0.0,23.5,1.0,9,4,0,1,30.30892857142857,0.0,0,4
3483.41,26,801.81,360.74,88.7,1.0,10,4,0,1,133.97730769230768,30.838846153846152,0,5
1133.69,24,1155.62,0.0,20.2,1.0,10,4,0,1,47.23708333333334,48.15083333333333,0,2
1139.88,29,1697.22,0.0,18.8,1.0,10,4,0,1,39.30620689655173,58.5248275862069,0,0
2713.88,21,0.0,383.31,205.5,1.0,10,4,0,1,129.23238095238096,0.0,0,3
1446.69,30,0.0,0.0,22.0,1.0,10,4,0,1,48.223,0.0,0,1
560.03,27,0.0,0.0,22.6,1.0,10,4,0,1,20.74185185185185,0.0,0,4
2722.3,28,1129.72,483.83,149.7,1.0,11,4,0,1,97.22500000000001,40.347142857142856,0,5
1669.73,25,1612.95,0.0,22.9,1.0,11,4,0,1,66.7892,64.518,0,2
1223.43,22,640.39,0.0,19.3,1.0,11,4,0,1,55.61045454545455,29.108636363636364,0,0
2964.45,15,0.0,448.47,117.5,1.0,11,4,0,1,197.63,0.0,0,3
762.96,27,0.0,0.0,18.6,1.0,11,4,0,1,28.25777777777778,0.0,0,1
603.78,24,0.0,0.0,22.3,1.0,11,4,0,1,25.1575,0.0,0,4
3021.47,24,882.81,602.19,68.0,1.0,12,4,0,1,125.89458333333333,36.78375,0,5
1628.57,29,537.89,0.0,21.3,1.0,12,4,0,1,56.157586206896546,18.547931034482758,0,2
1569.24,21,571.7,0.0,27.6,1.0,12,4,0,1,74.72571428571429,27.223809523809525,0,0
2227.98,20,0.0,548.79,240.5,1.0,12,4,0,1,111.399,0.0,0,3
886.89,29,0.0,0.0,26.9,1.0,12,4,0,1,30.58241379310345,0.0,0,1
539.97,17,0.0,0.0,27.2,1.0,12,4,0,1,31.76294117647059,0.0,0,4
3860.52,30,1001.31,256.66,96.7,1.0,13,4,0,1,128.684,33.376999999999995,0,5
1227.31,22,1680.59,0.0,26.6,1.0,13,4,0,1,55.78681818181818,76.39045454545455,0,2
1225.38,22,531.0,0.0,27.8,1.0,13,4,0,1,55.69909090909091,24.136363636363637,0,0
1539.77,23,0.0,690.04,163.4,1.0,13,4,0,1,66.94652173913043,0.0,0,3
1141.35,19,0.0,0.0,26.0,1.0,13,4,0,1,60.071052631578944,0.0,0,1
958.17,22,0.0,0.0,18.2,1.0,13,4,0,1,43.55318181818182,0.0,0,4
3858.34,15,1454.02,495.28,178.7,1.0,14,4,0,1,257.22266666666667,96.93466666666667,0,5
1596.13,26,788.79,0.0,25.4,1.0,14,4,0,1,61.38961538461539,30.338076923076922,0,2
1126.28,21,1242.85,0.0,21.1,1.0,14,4,0,1,53.63238095238095,59.18333333333333,0,0
2555.89,29,0.0,555.27,251.8,1.0,14,4,0,1,88.13413793103447,0.0,0,3
871.49,17,0.0,0.0,21.0,1.0,14,4,0,1,51.264117647058825,0.0,0,1
607.53,24,0.0,0.0,27.5,1.0,14,4,0,1,25.31375,0.0,0,4
2544.39,16,976.23,582.77,147.5,1.0,15,4,0,1,159.024375,61.014375,0,5
1929.39,21,588.88,0.0,26.1,1.0,15,4,0,1,91.8757142857143,28.04190476190476,0,2
898.28,17,1363.56,0.0,25.9,1.0,15,4,0,1,52.839999999999996,80.20941176470588,0,0
1574.15,29,0.0,613.44,261.2,1.0,15,4,0,1,54.28103448275862,0.0,0,3
1011.11,17,0.0,0.0,26.6,1.0,15,4,0,1,59.47705882352941,0.0,0,1
651.93,21,0.0,0.0,21.2,1.0,15,4,0,1,31.044285714285714,0.0,0,4
2087.09,2,1259.21,226.2,168.1,1.0,16,4,1,1,1043.545,629.605,0,5
2270.98,3,684.88,0.0,23.3,1.0,16,4,1,1,756.9933333333333,228.29333333333332,0,2
916.22,5,1198.28,0.0,25.1,1.0,16,4,1,1,183.244,239.656,0,0
1745.62,4,0.0,723.55,184.3,1.0,16,4,1,1,436.405,0.0,0,3
1458.45,0,0.0,0.0,20.4,0.82,16,4,1,0,1458.45,0.0,1,1
653.91,0,0.0,0.0,27.1,1.0,16,4,1,0,653.91,0.0,1,4
4406.59,0,433.82,547.36,151.1,0.27,17,4,1,0,4406.59,433.82,1,5
2143.04,3,1377.54,0.0,22.0,1.0,17,4,1,1,714.3466666666667,459.18,0,2
1233.59,9,1243.78,0.0,21.6,1.0,17,4,1,1,137.06555555555553,138.1977777777778,0,0
1761.94,9,0.0,767.03,144.7,1.0,17,4,1,1,195.7711111111111,0.0,0,3
1079.69,8,0.0,0.0,26.3,1.0,17,4,1,1,134.96125,0.0,0,1
615.2,0,0.0,0.0,22.7,1.0,17,4,1,0,615.2,0.0,1,4
3144.75,0,507.61,297.2,78.7,0.38,18,4,1,0,3144.75,507.61,1,5
2422.02,8,1892.14,0.0,20.0,1.0,18,4,1,1,302.7525,236.5175,0,2
1624.61,5,741.96,0.0,23.1,1.0,18,4,1,1,324.92199999999997,148.392,0,0
2653.7,10,0.0,501.26,113.3,1.0,18,4,1,1,265.37,0.0,0,3
1217.58,7,0.0,0.0,25.4,1.0,18,4,1,1,173.94,0.0,0,1
805.94,1,0.0,0.0,21.2,1.0,18,4,1,1,805.94,0.0,0,4
3516.38,0,915.94,495.32,168.6,0.34,19,4,1,0,3516.38,915.94,1,5
2429.85,3,1484.22,0.0,22.1,1.0,19,4,1,1,809.9499999999999,494.74,0,2
1664.62,9,743.84,0.0,22.5,1.0,19,4,1,1,184.95777777777778,82.64888888888889,0,0
2624.81,10,0.0,477.1,135.3,1.0,19,4,1,1,262.481,0.0,0,3
1113.38,2,0.0,0.0,18.9,1.0,19,4,1,1,556.69,0.0,0,1
535.4,4,0.0,0.0,18.8,1.0,19,4,1,1,133.85,0.0,0,4
3014.75,0,902.03,343.84,170.6,0.4,20,4,1,0,3014.75,902.03,1,5
1558.54,5,624.77,0.0,19.4,1.0,20,4,1,1,311.70799999999997,124.954,0,2
1004.12,9,566.5,0.0,21.5,1.0,20,4,1,1,111.56888888888889,62.94444444444444,0,0
2677.34,7,0.0,604.07,191.3,1.0,20,4,1,1,382.4771428571429,0.0,0,3
1345.34,1,0.0,0.0,18.5,0.89,20,4,1,1,1345.34,0.0,1,1
522.27,1,0.0,0.0,20.6,1.0,20,4,1,1,522.27,0.0,0,4
2554.0,9,1381.64,697.27,125.0,1.0,21,4,1,1,283.77777777777777,153.51555555555558,0,5
1338.08,3,693.59,0.0,23.5,1.0,21,4,1,1,446.02666666666664,231.1966666666667,0,2
920.51,8,1324.06,0.0,22.7,1.0,21,4,1,1,115.06375,165.5075,0,0
2330.52,2,0.0,304.77,165.6,1.0,21,4,1,1,1165.26,0.0,0,3
901.56,10,0.0,0.0,24.9,1.0,21,4,1,1,90.15599999999999,0.0,0,1
876.98,9,0.0,0.0,19.0,1.0,21,4,1,1,97.44222222222223,0.0,0,4
3206.24,6,608.94,224.35,159.0,1.0,22,4,1,1,534.3733333333333,101.49000000000001,0,5
2261.7,7,1220.06,0.0,19.0,1.0,22,4,1,1,323.09999999999997,174.2942857142857,0,2
1063.97,5,1909.89,0.0,27.4,1.0,22,4,1,1,212.794,381.978,0,0
1588.15,7,0.0,422.14,180.8,1.0,22,4,1,1,226.87857142857143,0.0,0,3
942.14,5,0.0,0.0,22.4,1.0,22,4,1,1,188.428,0.0,0,1
953.65,3,0.0,0.0,24.4,1.0,22,4,1,1,317.8833333333333,0.0,0,4
3718.46,6,666.94,292.41,167.2,1.0,23,4,1,1,619.7433333333333,111.15666666666668,0,5
1278.9,10,1800.65,0.0,25.9,1.0,23,4,1,1,127.89000000000001,180.065,0,2
1632.68,2,868.12,0.0,22.5,1.0,23,4,1,1,816.34,434.06,0,0
2572.32,9,0.0,628.07,121.5,1.0,23,4,1,1,285.81333333333333,0.0,0,3
1472.52,3,0.0,0.0,22.9,1.0,23,4,1,1,490.84,0.0,0,1
635.06,2,0.0,0.0,23.8,1.0,23,4,1,1,317.53,0.0,0,4
2900.57,29,1471.09,695.41,103.9,1.0,0,5,0,1,100.01965517241379,50.72724137931034,0,5
1961.08,20,1327.3,0.0,24.6,1.0,0,5,0,1,98.054,66.365,0,2
1676.9,19,1506.98,0.0,27.6,1.0,0,5,0,1,88.2578947368421,79.31473684210526,0,0
1541.23,30,0.0,666.15,211.8,1.0,0,5,0,1,51.37433333333333,0.0,0,3
771.96,17,0.0,0.0,19.3,1.0,0,5,0,1,45.40941176470589,0.0,0,1
696.83,18,0.0,0.0,21.1,1.0,0,5,0,1,38.71277777777778,0.0,0,4
3951.45,22,1709.98,786.88,155.3,1.0,1,5,0,1,179.61136363636362,77.72636363636364,0,5
1059.13,19,1987.51,0.0,18.2,1.0,1,5,0,1,55.74368421052632,104.60578947368421,0,2
1085.23,26,671.38,0.0,18.4,1.0,1,5,0,1,41.739615384615384,25.822307692307692,0,0
1709.52,17,0.0,644.11,239.0,1.0,1,5,0,1,100.56,0.0,0,3
748.82,29,0.0,0.0,22.1,1.0,1,5,0,1,25.82137931034483,0.0,0,1
791.47,29,0.0,0.0,24.4,1.0,1,5,0,1,27.29206896551724,0.0,0,4
2562.67,23,1455.38,660.17,170.3,1.0,2,5,0,1,111.4204347826087,63.27739130434783,0,5
2183.87,26,1065.49,0.0,27.8,1.0,2,5,0,1,83.99499999999999,40.980384615384615,0,2
813.71,21,1114.88,0.0,19.4,1.0,2,5,0,1,38.74809523809524,53.08952380952381,0,0
2124.87,28,0.0,674.63,288.0,1.0,2,5,0,1,75.88821428571428,0.0,0,3
1249.79,25,0.0,0.0,26.2,1.0,2,5,0,1,49.9916,0.0,0,1
848.73,23,0.0,0.0,21.7,1.0,2,5,0,1,36.90130434782609,0.0,0,4
3115.05,18,1688.44,458.88,167.7,1.0,3,5,0,1,173.05833333333334,93.80222222222223,0,5
2014.55,20,1654.06,0.0,21.0,1.0,3,5,0,1,100.72749999999999,82.703,0,2
1011.65,25,1710.63,0.0,20.7,1.0,3,5,0,1,40.466,68.4252,0,0
1533.97,26,0.0,485.59,229.2,1.0,3,5,0,1,58.99884615384615,0.0,0,3
740.41,28,0.0,0.0,23.4,1.0,3,5,0,1,26.443214285714284,0.0,0,1
893.02,29,0.0,0.0,26.3,1.0,3,5,0,1,30.793793103448277,0.0,0,4
3950.82,20,1051.01,311.99,77.4,1.0,4,5,0,1,197.541,52.5505,0,5
2253.76,18,1274.0,0.0,26.5,1.0,4,5,0,1,125.20888888888891,70.77777777777777,0,2
1337.95,20,572.15,0.0,27.0,1.0,4,5,0,1,66.89750000000001,28.607499999999998,0,0
2082.43,24,0.0,335.55,246.6,1.0,4,5,0,1,86.76791666666666,0.0,0,3
739.23,20,0.0,0.0,18.2,1.0,4,5,0,1,36.9615,0.0,0,1
528.18,30,0.0,0.0,22.2,1.0,4,5,0,1,17.605999999999998,0.0,0,4
2332.12,19,1361.4,491.19,167.9,1.0,5,5,0,1,122.74315789473684,71.65263157894738,0,5
1324.85,18,1430.55,0.0,27.6,1.0,5,5,0,1,73.60277777777777,79.475,0,2
1118.68,16,1254.63,0.0,20.4,1.0,5,5,0,1,69.9175,78.414375,0,0
1937.78,18,0.0,791.39,296.2,1.0,5,5,0,1,107.65444444444444,0.0,0,3
1195.97,21,0.0,0.0,22.1,1.0,5,5,0,1,56.95095238095238,0.0,0,1
906.44,15,0.0,0.0,18.9,1.0,5,5,0,1,60.42933333333334,0.0,0,4
3100.15,29,1781.98,783.51,67.6,1.0,6,5,0,1,106.90172413793104,61.44758620689655,0,5
2076.39,18,1824.81,0.0,24.1,1.0,6,5,0,1,115.35499999999999,101.37833333333333,0,2
1638.29,25,1890.64,0.0,18.1,1.0,6,5,0,1,65.5316,75.6256,0,0
1542.19,23,0.0,399.09,246.2,1.0,6,5,0,1,67.05173913043478,0.0,0,3
1026.35,25,0.0,0.0,18.2,1.0,6,5,0,1,41.053999999999995,0.0,0,1
664.16,18,0.0,0.0,19.1,1.0,6,5,0,1,36.897777777777776,0.0,0,4
3916.3,23,531.21,454.34,149.7,1.0,7,5,0,1,170.27391304347827,23.09608695652174,0,5
1093.23,24,726.86,0.0,18.3,1.0,7,5,0,1,45.55125,30.285833333333333,0,2
1767.57,18,1762.87,0.0,23.4,1.0,7,5,0,1,98.19833333333332,97.93722222222222,0,0
1933.09,23,0.0,551.85,268.0,1.0,7,5,0,1,84.04739130434783,0.0,0,3
1485.67,27,0.0,0.0,20.2,1.0,7,5,0,1,55.02481481481482,0.0,0,1
539.17,24,0.0,0.0,22.5,1.0,7,5,0,1,22.465416666666666,0.0,0,4
3329.41,23,1002.69,416.04,113.1,1.0,8,5,0,1,144.7569565217391,43.59521739130435,0,5
2285.53,23,575.85,0.0,25.2,1.0,8,5,0,1,99.3708695652174,25.036956521739132,0,2
1456.06,29,1906.15,0.0,23.6,1.0,8,5,0,1,50.208965517241374,65.7293103448276,0,0
2611.05,15,0.0,607.23,198.1,1.0,8,5,0,1,174.07000000000002,0.0,0,3
1044.38,15,0.0,0.0,26.0,1.0,8,5,0,1,69.62533333333334,0.0,0,1
517.22,30,0.0,0.0,20.0,1.0,8,5,0,1,17.240666666666666,0.0,0,4
2470.32,16,926.71,759.06,80.5,1.0,9,5,0,1,154.395,57.919375,0,5
2083.68,29,920.55,0.0,21.0,1.0,9,5,0,1,71.85103448275862,31.74310344827586,0,2
1124.24,20,785.59,0.0,27.5,1.0,9,5,0,1,56.212,39.2795,0,0
1822.15,20,0.0,445.29,150.6,1.0,9,5,0,1,91.1075,0.0,0,3
1079.63,18,0.0,0.0,24.9,1.0,9,5,0,1,59.979444444444454,0.0,0,1
605.76,21,0.0,0.0,23.9,1.0,9,5,0,1,28.845714285714287,0.0,0,4
3515.73,16,1378.97,488.03,62.4,1.0,10,5,0,1,219.733125,86.185625,0,5
1026.52,17,1499.8,0.0,22.3,1.0,10,5,0,1,60.383529411764705,88.2235294117647,0,2
1345.77,16,1707.27,0.0,21.6,1.0,10,5,0,1,84.110625,106.704375,0,0
2483.17,27,0.0,689.24,157.1,1.0,10,5,0,1,91.96925925925926,0.0,0,3
1230.96,20,0.0,0.0,22.7,1.0,10,5,0,1,61.548,0.0,0,1
550.32,26,0.0,0.0,20.5,1.0,10,5,0,1,21.166153846153847,0.0,0,4
2204.46,25,1798.4,295.36,136.4,1.0,11,5,0,1,88.1784,71.936,0,5
1381.08,17,1288.99,0.0,25.7,1.0,11,5,0,1,81.24,75.8229411764706,0,2
1612.32,17,1031.92,0.0,23.8,1.0,11,5,0,1,94.84235294117647,60.70117647058824,0,0
1953.64,22,0.0,300.95,226.4,1.0,11,5,0,1,88.80181818181819,0.0,0,3
885.66,23,0.0,0.0,28.0,1.0,11,5,0,1,38.50695652173913,0.0,0,1
502.74,18,0.0,0.0,19.6,1.0,11,5,0,1,27.93,0.0,0,4
2607.34,25,1303.42,774.33,80.9,1.0,12,5,0,1,104.29360000000001,52.1368,0,5
1825.58,21,1521.93,0.0,27.0,1.0,12,5,0,1,86.93238095238095,72.47285714285715,0,2
1527.54,27,1725.89,0.0,26.7,1.0,12,5,0,1,56.57555555555555,63.921851851851855,0,0
2344.21,28,0.0,399.53,158.9,1.0,12,5,0,1,83.72178571428572,0.0,0,3
794.45,30,0.0,0.0,20.3,1.0,12,5,0,1,26.48166666666667,0.0,0,1
659.89,16,0.0,0.0,24.6,1.0,12,5,0,1,41.243125,0.0,0,4
3156.6,25,1490.17,439.44,176.8,1.0,13,5,0,1,126.264,59.6068,0,5
1576.08,20,1870.47,0.0,18.0,1.0,13,5,0,1,78.804,93.5235,0,2
1325.88,27,1272.32,0.0,26.1,1.0,13,5,0,1,49.10666666666667,47.12296296296296,0,0
1942.12,28,0.0,662.43,241.3,1.0,13,5,0,1,69.36142857142856,0.0,0,3
824.62,21,0.0,0.0,21.5,1.0,13,5,0,1,39.26761904761905,0.0,0,1
556.6,16,0.0,0.0,24.5,1.0,13,5,0,1,34.7875,0.0,0,4
3036.22,26,1577.12,472.99,158.6,1.0,14,5,0,1,116.7776923076923,60.65846153846154,0,5
1036.76,17,1944.5,0.0,22.6,1.0,14,5,0,1,60.985882352941175,114.38235294117646,0,2
1245.45,29,1147.97,0.0,27.0,1.0,14,5,0,1,42.94655172413793,39.5851724137931,0,0
2039.75,19,0.0,699.24,185.9,1.0,14,5,0,1,107.35526315789474,0.0,0,3
1459.27,23,0.0,0.0,20.9,1.0,14,5,0,1,63.44652173913043,0.0,0,1
764.56,30,0.0,0.0,21.3,1.0,14,5,0,1,25.485333333333333,0.0,0,4
2698.78,30,569.87,539.84,61.3,1.0,15,5,0,1,89.95933333333333,18.99566666666667,0,5
1251.87,26,1204.13,0.0,25.7,1.0,15,5,0,1,48.14884615384615,46.31269230769231,0,2
1616.76,27,620.61,0.0,20.1,1.0,15,5,0,1,59.88,22.985555555555557,0,0
2608.27,27,0.0,405.33,240.4,1.0,15,5,0,1,96.60259259259259,0.0,0,3
1325.16,28,0.0,0.0,26.3,1.0,15,5,0,1,47.32714285714286,0.0,0,1
888.92,28,0.0,0.0,27.7,1.0,15,5,0,1,31.747142857142855,0.0,0,4
2524.11,4,1112.23,464.83,143.0,1.0,16,5,1,1,631.0275,278.0575,0,5
1786.91,3,1139.34,0.0,27.3,1.0,16,5,1,1,595.6366666666667,379.78,0,2
1145.17,5,1074.95,0.0,24.5,1.0,16,5,1,1,229.03400000000002,214.99,0,0
2143.54,6,0.0,342.32,115.1,1.0,16,5,1,1,357.25666666666666,0.0,0,3
1322.42,6,0.0,0.0,22.9,1.0,16,5,1,1,220.40333333333334,0.0,0,1
801.11,9,0.0,0.0,21.0,1.0,16,5,1,1,89.01222222222222,0.0,0,4
4649.71,0,381.39,710.97,78.8,0.26,17,5,1,0,4649.71,381.39,1,5
1356.13,9,1712.08,0.0,21.8,1.0,17,5,1,1,150.68111111111114,190.2311111111111,0,2
1051.1,2,1917.19,0.0,19.8,1.0,17,5,1,1,525.55,958.595,0,0
1681.92,8,0.0,231.02,215.7,1.0,17,5,1,1,210.24,0.0,0,3
915.4,10,0.0,0.0,22.4,1.0,17,5,1,1,91.53999999999999,0.0,0,1
630.72,8,0.0,0.0,21.4,1.0,17,5,1,1,78.84,0.0,0,4
3457.94,0,1250.03,754.41,80.4,0.35,18,5,1,0,3457.94,1250.03,1,5
1808.94,1,1768.99,0.0,27.8,0.66,18,5,1,1,1808.94,1768.99,1,2
1206.26,10,562.92,0.0,19.2,1.0,18,5,1,1,120.626,56.291999999999994,0,0
2516.33,2,0.0,709.63,277.2,0.95,18,5,1,1,1258.165,0.0,1,3
707.76,9,0.0,0.0,22.0,1.0,18,5,1,1,78.64,0.0,0,1
952.08,5,0.0,0.0,20.7,1.0,18,5,1,1,190.416,0.0,0,4
3094.2,1,1562.99,353.19,65.7,0.39,19,5,1,1,3094.2,1562.99,1,5
1180.88,4,1601.18,0.0,21.0,1.0,19,5,1,1,295.22,400.295,0,2
1033.35,8,639.07,0.0,25.7,1.0,19,5,1,1,129.16875,79.88375,0,0
1703.98,7,0.0,539.94,234.7,1.0,19,5,1,1,243.4257142857143,0.0,0,3
722.84,8,0.0,0.0,22.3,1.0,19,5,1,1,90.355,0.0,0,1
543.36,0,0.0,0.0,21.6,1.0,19,5,1,0,543.36,0.0,1,4
3537.97,3,1075.92,218.2,119.6,1.0,20,5,1,1,1179.3233333333333,358.64000000000004,0,5
1178.95,1,601.19,0.0,18.9,1.0,20,5,1,1,1178.95,601.19,1,2
1158.97,3,1931.07,0.0,27.4,1.0,20,5,1,1,386.3233333333333,643.6899999999999,0,0
2293.9,7,0.0,641.41,118.4,1.0,20,5,1,1,327.7,0.0,0,3
1009.07,0,0.0,0.0,22.3,1.0,20,5,1,0,1009.07,0.0,1,1
555.77,0,0.0,0.0,28.0,1.0,20,5,1,0,555.77,0.0,1,4
3130.81,0,1299.8,415.52,147.3,0.38,21,5,1,0,3130.81,1299.8,1,5
1979.08,1,595.13,0.0,24.3,0.61,21,5,1,1,1979.08,595.13,1,2
814.19,3,984.93,0.0,21.7,1.0,21,5,1,1,271.3966666666667,328.31,0,0
2455.52,2,0.0,660.61,237.6,0.98,21,5,1,1,1227.76,0.0,1,3
844.93,0,0.0,0.0,21.8,1.0,21,5,1,0,844.93,0.0,1,1
594.6,1,0.0,0.0,21.1,1.0,21,5,1,1,594.6,0.0,0,4
3455.64,0,1327.32,265.79,101.1,0.35,22,5,1,0,3455.64,1327.32,1,5
2000.52,3,631.39,0.0,19.2,1.0,22,5,1,1,666.84,210.46333333333334,0,2
1464.97,9,826.19,0.0,27.2,1.0,22,5,1,1,162.77444444444444,91.7988888888889,0,0
1960.81,1,0.0,202.85,275.0,0.61,22,5,1,1,1960.81,0.0,1,3
1177.0,1,0.0,0.0,25.6,1.0,22,5,1,1,1177.0,0.0,0,1
959.8,6,0.0,0.0,23.9,1.0,22,5,1,1,159.96666666666667,0.0,0,4
2169.68,0,1150.53,590.94,77.9,0.55,23,5,1,0,2169.68,1150.53,1,5
2097.52,9,1585.21,0.0,19.3,1.0,23,5,1,1,233.05777777777777,176.13444444444445,0,2
1772.06,9,1257.13,0.0,24.2,1.0,23,5,1,1,196.89555555555555,139.68111111111114,0,0
2425.02,1,0.0,216.57,286.5,0.49,23,5,1,1,2425.02,0.0,1,3
714.68,4,0.0,0.0,21.6,1.0,23,5,1,1,178.67,0.0,0,1
869.55,1,0.0,0.0,18.1,1.0,23,5,1,1,869.55,0.0,1,4
2710.26,20,570.39,309.6,145.2,1.0,0,6,0,1,135.513,28.5195,0,5
1292.38,17,976.1,0.0,22.8,1.0,0,6,0,1,76.02235294117648,57.41764705882353,0,2
981.29,16,1692.26,0.0,23.0,1.0,0,6,0,1,61.330625,105.76625,0,0
2021.73,18,0.0,522.08,271.9,1.0,0,6,0,1,112.31833333333333,0.0,0,3
1229.07,23,0.0,0.0,27.9,1.0,0,6,0,1,53.43782608695652,0.0,0,1
655.93,15,0.0,0.0,20.9,1.0,0,6,0,1,43.72866666666666,0.0,0,4
3988.57,26,595.52,357.08,86.7,1.0,1,6,0,1,153.40653846153847,22.904615384615383,0,5
1167.79,18,676.83,0.0,20.7,1.0,1,6,0,1,64.87722222222222,37.60166666666667,0,2
1622.67,21,1700.97,0.0,23.0,1.0,1,6,0,1,77.27000000000001,80.99857142857142,0,0
1940.46,24,0.0,744.45,167.6,1.0,1,6,0,1,80.8525,0.0,0,3
1220.42,22,0.0,0.0,18.5,1.0,1,6,0,1,55.473636363636366,0.0,0,1
945.34,29,0.0,0.0,20.0,1.0,1,6,0,1,32.59793103448276,0.0,0,4
3818.34,24,1813.0,589.18,123.6,1.0,2,6,0,1,159.0975,75.54166666666667,0,5
2409.07,23,1116.72,0.0,23.1,1.0,2,6,0,1,104.74217391304349,48.55304347826087,0,2
1277.9,27,1914.85,0.0,24.3,1.0,2,6,0,1,47.329629629629636,70.92037037037036,0,0
2040.28,28,0.0,646.73,105.7,1.0,2,6,0,1,72.86714285714285,0.0,0,3
1167.75,22,0.0,0.0,26.5,1.0,2,6,0,1,53.07954545454545,0.0,0,1
874.35,17,0.0,0.0,27.4,1.0,2,6,0,1,51.432352941176475,0.0,0,4
2180.84,30,1759.09,786.32,66.6,1.0,3,6,0,1,72.69466666666668,58.63633333333333,0,5
2057.32,26,1411.37,0.0,24.9,1.0,3,6,0,1,79.12769230769231,54.28346153846154,0,2
1175.0,22,726.34,0.0,18.4,1.0,3,6,0,1,53.40909090909091,33.015454545454546,0,0
1779.12,24,0.0,453.82,286.4,1.0,3,6,0,1,74.13,0.0,0,3
1383.83,25,0.0,0.0,27.4,1.0,3,6,0,1,55.353199999999994,0.0,0,1
963.73,22,0.0,0.0,26.2,1.0,3,6,0,1,43.80590909090909,0.0,0,4
2872.41,16,868.31,390.45,145.7,1.0,4,6,0,1,179.525625,54.269375,0,5
2450.92,20,1486.44,0.0,19.0,1.0,4,6,0,1,122.546,74.322,0,2
1230.44,28,1423.14,0.0,26.6,1.0,4,6,0,1,43.94428571428572,50.82642857142857,0,0
2244.38,16,0.0,299.36,191.9,1.0,4,6,0,1,140.27375,0.0,0,3
1227.94,21,0.0,0.0,19.1,1.0,4,6,0,1,58.473333333333336,0.0,0,1
535.85,26,0.0,0.0,23.1,1.0,4,6,0,1,20.609615384615385,0.0,0,4
3998.65,20,565.44,638.22,166.7,1.0,5,6,0,1,199.9325,28.272000000000002,0,5
1917.96,23,1947.1,0.0,19.2,1.0,5,6,0,1,83.38956521739131,84.65652173913043,0,2
1345.51,30,737.3,0.0,20.0,1.0,5,6,0,1,44.85033333333333,24.576666666666664,0,0
2029.77,20,0.0,317.42,103.2,1.0,5,6,0,1,101.4885,0.0,0,3
704.99,28,0.0,0.0,26.5,1.0,5,6,0,1,25.178214285714287,0.0,0,1
617.46,15,0.0,0.0,24.9,1.0,5,6,0,1,41.164,0.0,0,4
3330.67,22,1043.16,652.08,84.5,1.0,6,6,0,1,151.39409090909092,47.41636363636364,0,5
2437.95,21,1275.11,0.0,26.6,1.0,6,6,0,1,116.09285714285713,60.71952380952381,0,2
1266.36,24,790.67,0.0,26.0,1.0,6,6,0,1,52.76499999999999,32.944583333333334,0,0
2114.93,28,0.0,571.59,164.4,1.0,6,6,0,1,75.53321428571428,0.0,0,3
1137.36,18,0.0,0.0,24.7,1.0,6,6,0,1,63.18666666666666,0.0,0,1
542.68,21,0.0,0.0,26.1,1.0,6,6,0,1,25.84190476190476,0.0,0,4
2770.83,26,1617.74,697.33,158.9,1.0,7,6,0,1,106.57038461538461,62.22076923076923,0,5
1116.62,17,1267.7,0.0,26.4,1.0,7,6,0,1,65.6835294117647,74.57058823529412,0,2
1548.06,22,1601.48,0.0,21.6,1.0,7,6,0,1,70.36636363636363,72.79454545454546,0,0
2098.87,18,0.0,293.25,218.2,1.0,7,6,0,1,116.60388888888889,0.0,0,3
1470.59,25,0.0,0.0,25.8,1.0,7,6,0,1,58.8236,0.0,0,1
896.53,19,0.0,0.0,23.2,1.0,7,6,0,1,47.18578947368421,0.0,0,4
3538.82,26,646.13,703.87,69.6,1.0,8,6,0,1,136.10846153846154,24.851153846153846,0,5
1487.61,16,1890.3,0.0,22.6,1.0,8,6,0,1,92.975625,118.14375,0,2
1348.74,16,1740.9,0.0,19.0,1.0,8,6,0,1,84.29625,108.80625,0,0
1738.56,20,0.0,499.07,247.2,1.0,8,6,0,1,86.928,0.0,0,3
1167.69,24,0.0,0.0,18.9,1.0,8,6,0,1,48.65375,0.0,0,1
921.81,19,0.0,0.0,22.4,1.0,8,6,0,1,48.51631578947368,0.0,0,4
2861.95,29,1828.1,780.93,119.1,1.0,9,6,0,1,98.68793103448276,63.03793103448275,0,5
2006.03,17,810.76,0.0,19.8,1.0,9,6,0,1,118.00176470588235,47.69176470588235,0,2
1123.3,25,1953.37,0.0,24.2,1.0,9,6,0,1,44.931999999999995,78.1348,0,0
1958.79,28,0.0,373.38,214.9,1.0,9,6,0,1,69.95678571428572,0.0,0,3
710.01,30,0.0,0.0,26.7,1.0,9,6,0,1,23.666999999999998,0.0,0,1
597.64,29,0.0,0.0,27.5,1.0,9,6,0,1,20.608275862068965,0.0,0,4
3138.01,16,1280.52,232.36,121.8,1.0,10,6,0,1,196.125625,80.0325,0,5
1016.18,19,1488.41,0.0,22.1,1.0,10,6,0,1,53.48315789473684,78.33736842105263,0,2
1205.34,24,1043.56,0.0,19.3,1.0,10,6,0,1,50.2225,43.48166666666666,0,0
1695.57,23,0.0,427.79,153.4,1.0,10,6,0,1,73.72043478260869,0.0,0,3
782.84,24,0.0,0.0,23.1,1.0,10,6,0,1,32.61833333333333,0.0,0,1
580.92,22,0.0,0.0,25.8,1.0,10,6,0,1,26.405454545454543,0.0,0,4
2858.0,23,1137.44,327.25,154.7,1.0,11,6,0,1,124.26086956521739,49.453913043478266,0,5
1708.39,24,953.57,0.0,24.0,1.0,11,6,0,1,71.18291666666667,39.732083333333335,0,2
866.97,21,1962.58,0.0,25.0,1.0,11,6,0,1,41.284285714285716,93.45619047619047,0,0
2361.4,25,0.0,434.6,282.7,1.0,11,6,0,1,94.456,0.0,0,3
1066.77,26,0.0,0.0,18.9,1.0,11,6,0,1,41.02961538461538,0.0,0,1
760.56,20,0.0,0.0,26.4,1.0,11,6,0,1,38.028,0.0,0,4
2908.42,30,903.18,396.88,162.8,1.0,12,6,0,1,96.94733333333333,30.105999999999998,0,5
2153.0,29,1328.36,0.0,27.9,1.0,12,6,0,1,74.24137931034483,45.805517241379306,0,2
1668.04,19,702.79,0.0,24.6,1.0,12,6,0,1,87.79157894736842,36.98894736842105,0,0
1923.58,18,0.0,566.32,280.7,1.0,12,6,0,1,106.86555555555555,0.0,0,3
1215.64,21,0.0,0.0,27.0,1.0,12,6,0,1,57.887619047619054,0.0,0,1
571.71,15,0.0,0.0,24.1,1.0,12,6,0,1,38.114000000000004,0.0,0,4
2672.61,30,1919.52,319.49,95.5,1.0,13,6,0,1,89.087,63.984,0,5
2254.23,29,1182.5,0.0,22.4,1.0,13,6,0,1,77.73206896551724,40.775862068965516,0,2
851.1,23,1197.31,0.0,26.6,1.0,13,6,0,1,37.004347826086956,52.05695652173913,0,0
2388.06,21,0.0,633.41,166.6,1.0,13,6,0,1,113.71714285714286,0.0,0,3
1047.15,23,0.0,0.0,24.1,1.0,13,6,0,1,45.52826086956522,0.0,0,1
696.6,20,0.0,0.0,19.3,1.0,13,6,0,1,34.83,0.0,0,4
2211.28,26,621.76,555.1,66.1,1.0,14,6,0,1,85.04923076923077,23.913846153846155,0,5
1184.42,24,1632.1,0.0,25.9,1.0,14,6,0,1,49.350833333333334,68.00416666666666,0,2
1423.79,18,639.21,0.0,20.6,1.0,14,6,0,1,79.09944444444444,35.51166666666667,0,0
2582.13,15,0.0,326.71,165.1,1.0,14,6,0,1,172.142,0.0,0,3
1331.45,15,0.0,0.0,22.8,1.0,14,6,0,1,88.76333333333334,0.0,0,1
536.93,24,0.0,0.0,24.1,1.0,14,6,0,1,22.372083333333332,0.0,0,4
3156.71,27,1135.21,548.45,155.2,1.0,15,6,0,1,116.91518518518518,42.04481481481481,0,5
1108.32,24,847.76,0.0,21.7,1.0,15,6,0,1,46.18,35.32333333333333,0,2
1032.08,26,1800.02,0.0,24.4,1.0,15,6,0,1,39.69538461538461,69.23153846153846,0,0
2319.03,24,0.0,627.57,144.3,1.0,15,6,0,1,96.62625000000001,0.0,0,3
952.81,29,0.0,0.0,26.2,1.0,15,6,0,1,32.85551724137931,0.0,0,1
820.0,20,0.0,0.0,20.9,1.0,15,6,0,1,41.0,0.0,0,4
3008.71,0,1027.84,643.58,77.1,0.4,16,6,1,0,3008.71,1027.84,1,5
1283.24,2,701.18,0.0,20.3,1.0,16,6,1,1,641.62,350.59,0,2
1533.36,4,1421.62,0.0,25.7,1.0,16,6,1,1,383.34,355.405,0,0
1843.06,2,0.0,215.86,218.1,1.0,16,6,1,1,921.53,0.0,0,3
1169.87,4,0.0,0.0,24.6,1.0,16,6,1,1,292.4675,0.0,0,1
516.36,0,0.0,0.0,27.6,1.0,16,6,1,0,516.36,0.0,1,4
2765.39,4,1565.52,622.03,75.6,1.0,17,6,1,1,691.3475,391.38,0,5
1734.79,7,1701.92,0.0,25.2,1.0,17,6,1,1,247.82714285714286,243.1314285714286,0,2
1567.85,8,1883.75,0.0,20.7,1.0,17,6,1,1,195.98125,235.46875,0,0
2779.91,6,0.0,734.03,118.7,1.0,17,6,1,1,463.3183333333333,0.0,0,3
1466.61,8,0.0,0.0,18.2,1.0,17,6,1,1,183.32625,0.0,0,1
929.64,4,0.0,0.0,20.3,1.0,17,6,1,1,232.41,0.0,0,4
3915.33,7,1212.53,320.84,96.4,1.0,18,6,1,1,559.3328571428572,173.21857142857144,0,5
1309.32,5,1687.08,0.0,21.0,1.0,18,6,1,1,261.864,337.416,0,2
1083.27,4,598.41,0.0,25.9,1.0,18,6,1,1,270.8175,149.6025,0,0
2069.47,10,0.0,452.58,267.2,1.0,18,6,1,1,206.94699999999997,0.0,0,3
1153.48,0,0.0,0.0,22.8,1.0,18,6,1,0,1153.48,0.0,1,1
903.94,4,0.0,0.0,18.8,1.0,18,6,1,1,225.985,0.0,0,4
3591.12,0,1538.09,399.04,93.8,0.33,19,6,1,0,3591.12,1538.09,1,5
1867.37,1,1432.0,0.0,23.6,0.64,19,6,1,1,1867.37,1432.0,1,2
1503.22,1,820.34,0.0,21.4,0.8,19,6,1,1,1503.22,820.34,1,0
2138.01,10,0.0,334.22,226.4,1.0,19,6,1,1,213.80100000000002,0.0,0,3
855.82,10,0.0,0.0,27.5,1.0,19,6,1,1,85.58200000000001,0.0,0,1
768.29,0,0.0,0.0,20.4,1.0,19,6,1,0,768.29,0.0,1,4
2787.16,8,1217.33,433.78,69.2,1.0,20,6,1,1,348.395,152.16625,0,5
1170.87,10,579.33,0.0,27.8,1.0,20,6,1,1,117.08699999999999,57.93300000000001,0,2
1258.48,3,1782.16,0.0,19.6,1.0,20,6,1,1,419.49333333333334,594.0533333333334,0,0
1823.25,0,0.0,296.05,101.4,0.66,20,6,1,0,1823.25,0.0,1,3
1448.08,3,0.0,0.0,18.6,1.0,20,6,1,1,482.6933333333333,0.0,0,1
677.47,9,0.0,0.0,21.6,1.0,20,6,1,1,75.27444444444444,0.0,0,4
2681.94,0,427.21,376.84,95.6,0.45,21,6,1,0,2681.94,427.21,1,5
1254.99,6,991.16,0.0,25.6,1.0,21,6,1,1,209.165,165.19333333333333,0,2
963.32,4,1207.85,0.0,18.2,1.0,21,6,1,1,240.83,301.9625,0,0
1615.2,0,0.0,555.55,226.2,0.74,21,6,1,0,1615.2,0.0,1,3
1240.53,2,0.0,0.0,25.7,1.0,21,6,1,1,620.265,0.0,0,1
978.99,8,0.0,0.0,25.5,1.0,21,6,1,1,122.37375,0.0,0,4
3067.02,0,852.79,646.36,125.5,0.39,22,6,1,0,3067.02,852.79,1,5
2075.9,10,527.67,0.0,19.3,1.0,22,6,1,1,207.59,52.766999999999996,0,2
1214.05,3,679.99,0.0,21.8,1.0,22,6,1,1,404.68333333333334,226.66333333333333,0,0
2789.36,2,0.0,233.61,287.5,0.86,22,6,1,1,1394.68,0.0,1,3
1391.33,3,0.0,0.0,25.2,1.0,22,6,1,1,463.77666666666664,0.0,0,1
912.51,1,0.0,0.0,18.3,1.0,22,6,1,1,912.51,0.0,1,4
4515.31,0,1552.78,358.3,112.0,0.27,23,6,1,0,4515.31,1552.78,1,5
1995.68,2,1720.76,0.0,18.7,1.0,23,6,1,1,997.84,860.38,0,2
1136.19,2,1273.75,0.0,26.4,1.0,23,6,1,1,568.095,636.875,0,0
1501.06,2,0.0,608.54,220.8,1.0,23,6,1,1,750.53,0.0,0,3
890.22,6,0.0,0.0,25.0,1.0,23,6,1,1,148.37,0.0,0,1
508.59,5,0.0,0.0,26.9,1.0,23,6,1,1,101.71799999999999,0.0,0,4
